
 /----------------------------------------------------------------------------\
 |  yosys -- Yosys Open SYnthesis Suite                                       |
 |  Copyright (C) 2012 - 2025  Claire Xenia Wolf <claire@yosyshq.com>         |
 |  Distributed under an ISC-like license, type "license" to see terms        |
 \----------------------------------------------------------------------------/
 Yosys 0.56 (git sha1 9c447ad9d4b1ea589369364eea38b4d70da2c599, clang++ 17.0.0 -fPIC -O3)

-- Running command `verilog_defaults -push; verilog_defaults -add -defer; read_verilog -formal count.v  ctrl_lp4k.v led_panel_4k.v memory.v comp.v lsr_led.v mux_led.v uart_tx.v spi_loader.v ram_dual.v; verilog_defaults -pop; attrmap -tocase keep -imap keep="true" keep=1 -imap keep="false" keep=0 -remove keep=0; synth_ecp5 -top led_panel_4k; write_json build/led_panel_4k_i9.json' --

1. Executing Verilog-2005 frontend: count.v
Parsing formal Verilog input from `count.v' to AST representation.
Storing AST representation for module `$abstract\count'.
Successfully finished Verilog frontend.

2. Executing Verilog-2005 frontend: ctrl_lp4k.v
Parsing formal Verilog input from `ctrl_lp4k.v' to AST representation.
Storing AST representation for module `$abstract\ctrl_lp4k'.
Successfully finished Verilog frontend.

3. Executing Verilog-2005 frontend: led_panel_4k.v
Parsing formal Verilog input from `led_panel_4k.v' to AST representation.
Storing AST representation for module `$abstract\led_panel_4k'.
Successfully finished Verilog frontend.

4. Executing Verilog-2005 frontend: memory.v
Parsing formal Verilog input from `memory.v' to AST representation.
Storing AST representation for module `$abstract\memory'.
Successfully finished Verilog frontend.

5. Executing Verilog-2005 frontend: comp.v
Parsing formal Verilog input from `comp.v' to AST representation.
Storing AST representation for module `$abstract\comp_4k'.
Successfully finished Verilog frontend.

6. Executing Verilog-2005 frontend: lsr_led.v
Parsing formal Verilog input from `lsr_led.v' to AST representation.
Storing AST representation for module `$abstract\lsr_led'.
Successfully finished Verilog frontend.

7. Executing Verilog-2005 frontend: mux_led.v
Parsing formal Verilog input from `mux_led.v' to AST representation.
Storing AST representation for module `$abstract\mux_led'.
Successfully finished Verilog frontend.

8. Executing Verilog-2005 frontend: uart_tx.v
Parsing formal Verilog input from `uart_tx.v' to AST representation.
Storing AST representation for module `$abstract\uart_tx'.
Successfully finished Verilog frontend.

9. Executing Verilog-2005 frontend: spi_loader.v
Parsing formal Verilog input from `spi_loader.v' to AST representation.
Storing AST representation for module `$abstract\spi_loader'.
Successfully finished Verilog frontend.

10. Executing Verilog-2005 frontend: ram_dual.v
Parsing formal Verilog input from `ram_dual.v' to AST representation.
Storing AST representation for module `$abstract\ram_dual'.
Successfully finished Verilog frontend.

11. Executing ATTRMAP pass (move or copy attributes).

12. Executing SYNTH_ECP5 pass.

12.1. Executing Verilog-2005 frontend: /opt/homebrew/bin/../share/yosys/ecp5/cells_sim.v
Parsing Verilog input from `/opt/homebrew/bin/../share/yosys/ecp5/cells_sim.v' to AST representation.
Generating RTLIL representation for module `\LUT4'.
Generating RTLIL representation for module `\$__ABC9_LUT5'.
Generating RTLIL representation for module `\$__ABC9_LUT6'.
Generating RTLIL representation for module `\$__ABC9_LUT7'.
Generating RTLIL representation for module `\L6MUX21'.
Generating RTLIL representation for module `\CCU2C'.
Generating RTLIL representation for module `\TRELLIS_RAM16X2'.
Generating RTLIL representation for module `\PFUMX'.
Generating RTLIL representation for module `\TRELLIS_DPR16X4'.
Generating RTLIL representation for module `\DPR16X4C'.
Generating RTLIL representation for module `\LUT2'.
Generating RTLIL representation for module `\TRELLIS_FF'.
Generating RTLIL representation for module `\TRELLIS_IO'.
Generating RTLIL representation for module `\INV'.
Generating RTLIL representation for module `\TRELLIS_COMB'.
Generating RTLIL representation for module `\DP16KD'.
Generating RTLIL representation for module `\FD1P3AX'.
Generating RTLIL representation for module `\FD1P3AY'.
Generating RTLIL representation for module `\FD1P3BX'.
Generating RTLIL representation for module `\FD1P3DX'.
Generating RTLIL representation for module `\FD1P3IX'.
Generating RTLIL representation for module `\FD1P3JX'.
Generating RTLIL representation for module `\FD1S3AX'.
Generating RTLIL representation for module `\FD1S3AY'.
Generating RTLIL representation for module `\FD1S3BX'.
Generating RTLIL representation for module `\FD1S3DX'.
Generating RTLIL representation for module `\FD1S3IX'.
Generating RTLIL representation for module `\FD1S3JX'.
Generating RTLIL representation for module `\IFS1P3BX'.
Generating RTLIL representation for module `\IFS1P3DX'.
Generating RTLIL representation for module `\IFS1P3IX'.
Generating RTLIL representation for module `\IFS1P3JX'.
Generating RTLIL representation for module `\OFS1P3BX'.
Generating RTLIL representation for module `\OFS1P3DX'.
Generating RTLIL representation for module `\OFS1P3IX'.
Generating RTLIL representation for module `\OFS1P3JX'.
Generating RTLIL representation for module `\IB'.
Generating RTLIL representation for module `\IBPU'.
Generating RTLIL representation for module `\IBPD'.
Generating RTLIL representation for module `\OB'.
Generating RTLIL representation for module `\OBZ'.
Generating RTLIL representation for module `\OBZPU'.
Generating RTLIL representation for module `\OBZPD'.
Generating RTLIL representation for module `\OBCO'.
Generating RTLIL representation for module `\BB'.
Generating RTLIL representation for module `\BBPU'.
Generating RTLIL representation for module `\BBPD'.
Generating RTLIL representation for module `\ILVDS'.
Generating RTLIL representation for module `\OLVDS'.
Successfully finished Verilog frontend.

12.2. Executing Verilog-2005 frontend: /opt/homebrew/bin/../share/yosys/ecp5/cells_bb.v
Parsing Verilog input from `/opt/homebrew/bin/../share/yosys/ecp5/cells_bb.v' to AST representation.
Generating RTLIL representation for module `\MULT18X18D'.
Generating RTLIL representation for module `\ALU54B'.
Generating RTLIL representation for module `\EHXPLLL'.
Generating RTLIL representation for module `\DTR'.
Generating RTLIL representation for module `\OSCG'.
Generating RTLIL representation for module `\USRMCLK'.
Generating RTLIL representation for module `\JTAGG'.
Generating RTLIL representation for module `\DELAYF'.
Generating RTLIL representation for module `\DELAYG'.
Generating RTLIL representation for module `\IDDRX1F'.
Generating RTLIL representation for module `\IDDRX2F'.
Generating RTLIL representation for module `\IDDR71B'.
Generating RTLIL representation for module `\IDDRX2DQA'.
Generating RTLIL representation for module `\ODDRX1F'.
Generating RTLIL representation for module `\ODDRX2F'.
Generating RTLIL representation for module `\ODDR71B'.
Generating RTLIL representation for module `\OSHX2A'.
Generating RTLIL representation for module `\ODDRX2DQA'.
Generating RTLIL representation for module `\ODDRX2DQSB'.
Generating RTLIL representation for module `\TSHX2DQA'.
Generating RTLIL representation for module `\TSHX2DQSA'.
Generating RTLIL representation for module `\DQSBUFM'.
Generating RTLIL representation for module `\DDRDLLA'.
Generating RTLIL representation for module `\DLLDELD'.
Generating RTLIL representation for module `\CLKDIVF'.
Generating RTLIL representation for module `\ECLKSYNCB'.
Generating RTLIL representation for module `\ECLKBRIDGECS'.
Generating RTLIL representation for module `\DCCA'.
Generating RTLIL representation for module `\DCSC'.
Generating RTLIL representation for module `\DCUA'.
Generating RTLIL representation for module `\EXTREFB'.
Generating RTLIL representation for module `\PCSCLKDIV'.
Generating RTLIL representation for module `\PUR'.
Generating RTLIL representation for module `\GSR'.
Generating RTLIL representation for module `\SGSR'.
Generating RTLIL representation for module `\PDPW16KD'.
Successfully finished Verilog frontend.

12.3. Executing HIERARCHY pass (managing design hierarchy).

12.4. Executing AST frontend in derive mode using pre-parsed AST for module `\led_panel_4k'.
Generating RTLIL representation for module `\led_panel_4k'.
led_panel_4k.v:108: Warning: Identifier `\PX_CLK_EN' is implicitly declared.

12.4.1. Analyzing design hierarchy..
Top module:  \led_panel_4k

12.4.2. Executing AST frontend in derive mode using pre-parsed AST for module `\ctrl_lp4k'.
Generating RTLIL representation for module `\ctrl_lp4k'.

12.4.3. Executing AST frontend in derive mode using pre-parsed AST for module `\mux_led'.
Generating RTLIL representation for module `\mux_led'.
Parameter \width = 10

12.4.4. Executing AST frontend in derive mode using pre-parsed AST for module `\comp_4k'.
Parameter \width = 10
Generating RTLIL representation for module `$paramod\comp_4k\width=s32'00000000000000000000000000001010'.
Parameter \init_value = 50
Parameter \width = 10

12.4.5. Executing AST frontend in derive mode using pre-parsed AST for module `\lsr_led'.
Parameter \init_value = 50
Parameter \width = 10
Generating RTLIL representation for module `$paramod$0c216828c8105f75f8c874c5278a89844b76dec2\lsr_led'.
Parameter \width = 1

12.4.6. Executing AST frontend in derive mode using pre-parsed AST for module `\count'.
Parameter \width = 1
Generating RTLIL representation for module `$paramod\count\width=s32'00000000000000000000000000000001'.
Parameter \width = 10

12.4.7. Executing AST frontend in derive mode using pre-parsed AST for module `\count'.
Parameter \width = 10
Generating RTLIL representation for module `$paramod\count\width=s32'00000000000000000000000000001010'.
Parameter \width = 5

12.4.8. Executing AST frontend in derive mode using pre-parsed AST for module `\count'.
Parameter \width = 5
Generating RTLIL representation for module `$paramod\count\width=s32'00000000000000000000000000000101'.
Parameter \width = 4

12.4.9. Executing AST frontend in derive mode using pre-parsed AST for module `\count'.
Parameter \width = 4
Generating RTLIL representation for module `$paramod\count\width=s32'00000000000000000000000000000100'.

12.4.10. Executing AST frontend in derive mode using pre-parsed AST for module `\ram_dual'.
Generating RTLIL representation for module `\ram_dual'.

12.4.11. Executing AST frontend in derive mode using pre-parsed AST for module `\spi_loader'.
Generating RTLIL representation for module `\spi_loader'.

12.4.12. Analyzing design hierarchy..
Top module:  \led_panel_4k
Used module:     \ctrl_lp4k
Used module:     \mux_led
Used module:     $paramod\comp_4k\width=s32'00000000000000000000000000001010
Used module:     $paramod$0c216828c8105f75f8c874c5278a89844b76dec2\lsr_led
Used module:     $paramod\count\width=s32'00000000000000000000000000000001
Used module:     $paramod\count\width=s32'00000000000000000000000000001010
Used module:     $paramod\count\width=s32'00000000000000000000000000000101
Used module:     $paramod\count\width=s32'00000000000000000000000000000100
Used module:     \ram_dual
Used module:     \spi_loader

12.4.13. Analyzing design hierarchy..
Top module:  \led_panel_4k
Used module:     \ctrl_lp4k
Used module:     \mux_led
Used module:     $paramod\comp_4k\width=s32'00000000000000000000000000001010
Used module:     $paramod$0c216828c8105f75f8c874c5278a89844b76dec2\lsr_led
Used module:     $paramod\count\width=s32'00000000000000000000000000000001
Used module:     $paramod\count\width=s32'00000000000000000000000000001010
Used module:     $paramod\count\width=s32'00000000000000000000000000000101
Used module:     $paramod\count\width=s32'00000000000000000000000000000100
Used module:     \ram_dual
Used module:     \spi_loader
Removing unused module `$abstract\ram_dual'.
Removing unused module `$abstract\spi_loader'.
Removing unused module `$abstract\uart_tx'.
Removing unused module `$abstract\mux_led'.
Removing unused module `$abstract\lsr_led'.
Removing unused module `$abstract\comp_4k'.
Removing unused module `$abstract\memory'.
Removing unused module `$abstract\led_panel_4k'.
Removing unused module `$abstract\ctrl_lp4k'.
Removing unused module `$abstract\count'.
Removed 10 unused modules.
Warning: Resizing cell port led_panel_4k.u_video_ram.addr_b from 11 bits to 12 bits.
Warning: Resizing cell port led_panel_4k.u_video_ram.addr_a from 11 bits to 12 bits.

12.5. Executing PROC pass (convert processes to netlists).

12.5.1. Executing PROC_CLEAN pass (remove empty switches from decision trees).
Cleaned up 0 empty switches.

12.5.2. Executing PROC_RMDEAD pass (remove dead branches from decision trees).
Marked 2 switch rules as full_case in process $proc$led_panel_4k.v:60$231 in module led_panel_4k.
Marked 8 switch rules as full_case in process $proc$spi_loader.v:35$275 in module spi_loader.
Marked 1 switch rules as full_case in process $proc$ram_dual.v:15$265 in module ram_dual.
Marked 1 switch rules as full_case in process $proc$count.v:12$259 in module $paramod\count\width=s32'00000000000000000000000000000100.
Marked 1 switch rules as full_case in process $proc$count.v:12$254 in module $paramod\count\width=s32'00000000000000000000000000000101.
Marked 1 switch rules as full_case in process $proc$count.v:12$249 in module $paramod\count\width=s32'00000000000000000000000000001010.
Marked 1 switch rules as full_case in process $proc$count.v:12$244 in module $paramod\count\width=s32'00000000000000000000000000000001.
Marked 2 switch rules as full_case in process $proc$lsr_led.v:11$242 in module $paramod$0c216828c8105f75f8c874c5278a89844b76dec2\lsr_led.
Marked 1 switch rules as full_case in process $proc$comp.v:10$240 in module $paramod\comp_4k\width=s32'00000000000000000000000000001010.
Removed 1 dead cases from process $proc$mux_led.v:7$239 in module mux_led.
Marked 1 switch rules as full_case in process $proc$mux_led.v:7$239 in module mux_led.
Marked 1 switch rules as full_case in process $proc$ctrl_lp4k.v:101$238 in module ctrl_lp4k.
Marked 7 switch rules as full_case in process $proc$ctrl_lp4k.v:39$237 in module ctrl_lp4k.
Removed a total of 1 dead cases.

12.5.3. Executing PROC_PRUNE pass (remove redundant assignments in processes).
Removed 2 redundant assignments.
Promoted 24 assignments to connections.

12.5.4. Executing PROC_INIT pass (extract init attributes).
Found init rule in `\led_panel_4k.$proc$led_panel_4k.v:26$236'.
  Set init value: \rst_cnt = 6'000000

12.5.5. Executing PROC_ARST pass (detect async resets in processes).
Found async reset \rst_n in `\spi_loader.$proc$spi_loader.v:35$275'.

12.5.6. Executing PROC_ROM pass (convert switches to ROMs).
Converted 1 switch.
<suppressed ~35 debug messages>

12.5.7. Executing PROC_MUX pass (convert decision trees to multiplexers).
Creating decoders for process `\led_panel_4k.$proc$led_panel_4k.v:26$236'.
Creating decoders for process `\led_panel_4k.$proc$led_panel_4k.v:60$231'.
     1/2: $0\clk_counter[4:0]
     2/2: $0\clk1[0:0]
Creating decoders for process `\led_panel_4k.$proc$led_panel_4k.v:34$227'.
     1/1: $0\rst_cnt[5:0]
Creating decoders for process `\spi_loader.$proc$spi_loader.v:35$275'.
     1/16: $3$lookahead\ram_data$274[23:0]$293
     2/16: $3$bitselwrite$pos$spi_loader.v:93$273[5:0]$292
     3/16: $2$lookahead\ram_data$274[23:0]$282
     4/16: $2$bitselwrite$pos$spi_loader.v:93$273[5:0]$281
     5/16: $1$lookahead\ram_data$274[23:0]$280
     6/16: $1$bitselwrite$pos$spi_loader.v:93$273[5:0]$279
     7/16: $0\bit_cnt[5:0]
     8/16: $0\shift_out[31:0]
     9/16: $0\flash_ptr[23:0]
    10/16: $0\timer[31:0]
    11/16: $0\state[2:0]
    12/16: $0\ram_wren[0:0]
    13/16: $0\ram_addr[11:0]
    14/16: $0\spi_mosi[0:0]
    15/16: $0\spi_clk[0:0]
    16/16: $0\spi_cs[0:0]
Creating decoders for process `\ram_dual.$proc$ram_dual.v:15$265'.
     1/3: $1$memwr$\ram$ram_dual.v:16$264_EN[23:0]$271
     2/3: $1$memwr$\ram$ram_dual.v:16$264_DATA[23:0]$270
     3/3: $1$memwr$\ram$ram_dual.v:16$264_ADDR[11:0]$269
Creating decoders for process `$paramod\count\width=s32'00000000000000000000000000000100.$proc$count.v:12$259'.
     1/1: $0\outc[4:0]
Creating decoders for process `$paramod\count\width=s32'00000000000000000000000000000101.$proc$count.v:12$254'.
     1/1: $0\outc[5:0]
Creating decoders for process `$paramod\count\width=s32'00000000000000000000000000001010.$proc$count.v:12$249'.
     1/1: $0\outc[10:0]
Creating decoders for process `$paramod\count\width=s32'00000000000000000000000000000001.$proc$count.v:12$244'.
     1/1: $0\outc[1:0]
Creating decoders for process `$paramod$0c216828c8105f75f8c874c5278a89844b76dec2\lsr_led.$proc$lsr_led.v:11$242'.
     1/1: $0\s_A[10:0]
Creating decoders for process `$paramod\comp_4k\width=s32'00000000000000000000000000001010.$proc$comp.v:10$240'.
     1/1: $1\out[0:0]
Creating decoders for process `\mux_led.$proc$mux_led.v:7$239'.
     1/1: $1\out0[5:0]
Creating decoders for process `\ctrl_lp4k.$proc$ctrl_lp4k.v:101$238'.
     1/1: { $1\PX_CLK_EN[0:0] $1\NOE[0:0] $1\LATCH[0:0] $1\SHD[0:0] $1\LD[0:0] $1\INC_I[0:0] $1\INC_D[0:0] $1\INC_C[0:0] $1\INC_R[0:0] $1\RST_I[0:0] $1\RST_D[0:0] $1\RST_C[0:0] $1\RST_R[0:0] }
Creating decoders for process `\ctrl_lp4k.$proc$ctrl_lp4k.v:39$237'.
     1/7: $7\state[3:0]
     2/7: $6\state[3:0]
     3/7: $5\state[3:0]
     4/7: $4\state[3:0]
     5/7: $3\state[3:0]
     6/7: $2\state[3:0]
     7/7: $1\state[3:0]

12.5.8. Executing PROC_DLATCH pass (convert process syncs to latches).
No latch inferred for signal `$paramod\comp_4k\width=s32'00000000000000000000000000001010.\out' from process `$paramod\comp_4k\width=s32'00000000000000000000000000001010.$proc$comp.v:10$240'.
No latch inferred for signal `\mux_led.\out0' from process `\mux_led.$proc$mux_led.v:7$239'.
No latch inferred for signal `\ctrl_lp4k.\LATCH' from process `\ctrl_lp4k.$proc$ctrl_lp4k.v:101$238'.
No latch inferred for signal `\ctrl_lp4k.\NOE' from process `\ctrl_lp4k.$proc$ctrl_lp4k.v:101$238'.
No latch inferred for signal `\ctrl_lp4k.\PX_CLK_EN' from process `\ctrl_lp4k.$proc$ctrl_lp4k.v:101$238'.
No latch inferred for signal `\ctrl_lp4k.\RST_R' from process `\ctrl_lp4k.$proc$ctrl_lp4k.v:101$238'.
No latch inferred for signal `\ctrl_lp4k.\RST_C' from process `\ctrl_lp4k.$proc$ctrl_lp4k.v:101$238'.
No latch inferred for signal `\ctrl_lp4k.\RST_D' from process `\ctrl_lp4k.$proc$ctrl_lp4k.v:101$238'.
No latch inferred for signal `\ctrl_lp4k.\RST_I' from process `\ctrl_lp4k.$proc$ctrl_lp4k.v:101$238'.
No latch inferred for signal `\ctrl_lp4k.\INC_R' from process `\ctrl_lp4k.$proc$ctrl_lp4k.v:101$238'.
No latch inferred for signal `\ctrl_lp4k.\INC_C' from process `\ctrl_lp4k.$proc$ctrl_lp4k.v:101$238'.
No latch inferred for signal `\ctrl_lp4k.\INC_D' from process `\ctrl_lp4k.$proc$ctrl_lp4k.v:101$238'.
No latch inferred for signal `\ctrl_lp4k.\INC_I' from process `\ctrl_lp4k.$proc$ctrl_lp4k.v:101$238'.
No latch inferred for signal `\ctrl_lp4k.\LD' from process `\ctrl_lp4k.$proc$ctrl_lp4k.v:101$238'.
No latch inferred for signal `\ctrl_lp4k.\SHD' from process `\ctrl_lp4k.$proc$ctrl_lp4k.v:101$238'.

12.5.9. Executing PROC_DFF pass (convert process syncs to FFs).
Creating register for signal `\led_panel_4k.\clk1' using process `\led_panel_4k.$proc$led_panel_4k.v:60$231'.
  created $dff cell `$procdff$631' with positive edge clock.
Creating register for signal `\led_panel_4k.\clk_counter' using process `\led_panel_4k.$proc$led_panel_4k.v:60$231'.
  created $dff cell `$procdff$632' with positive edge clock.
Creating register for signal `\led_panel_4k.\rst_cnt' using process `\led_panel_4k.$proc$led_panel_4k.v:34$227'.
  created $dff cell `$procdff$633' with positive edge clock.
Creating register for signal `\spi_loader.\spi_cs' using process `\spi_loader.$proc$spi_loader.v:35$275'.
  created $adff cell `$procdff$638' with positive edge clock and positive level reset.
Creating register for signal `\spi_loader.\spi_clk' using process `\spi_loader.$proc$spi_loader.v:35$275'.
  created $adff cell `$procdff$643' with positive edge clock and positive level reset.
Creating register for signal `\spi_loader.\spi_mosi' using process `\spi_loader.$proc$spi_loader.v:35$275'.
  created $adff cell `$procdff$648' with positive edge clock and positive level reset.
Creating register for signal `\spi_loader.\ram_addr' using process `\spi_loader.$proc$spi_loader.v:35$275'.
  created $adff cell `$procdff$653' with positive edge clock and positive level reset.
Creating register for signal `\spi_loader.\ram_data' using process `\spi_loader.$proc$spi_loader.v:35$275'.
  created $dff cell `$procdff$660' with positive edge clock.
Creating register for signal `\spi_loader.\ram_wren' using process `\spi_loader.$proc$spi_loader.v:35$275'.
  created $adff cell `$procdff$665' with positive edge clock and positive level reset.
Creating register for signal `\spi_loader.\state' using process `\spi_loader.$proc$spi_loader.v:35$275'.
  created $adff cell `$procdff$670' with positive edge clock and positive level reset.
Creating register for signal `\spi_loader.\timer' using process `\spi_loader.$proc$spi_loader.v:35$275'.
  created $adff cell `$procdff$675' with positive edge clock and positive level reset.
Creating register for signal `\spi_loader.\flash_ptr' using process `\spi_loader.$proc$spi_loader.v:35$275'.
  created $adff cell `$procdff$680' with positive edge clock and positive level reset.
Creating register for signal `\spi_loader.\shift_out' using process `\spi_loader.$proc$spi_loader.v:35$275'.
  created $dff cell `$procdff$687' with positive edge clock.
Creating register for signal `\spi_loader.\bit_cnt' using process `\spi_loader.$proc$spi_loader.v:35$275'.
  created $dff cell `$procdff$694' with positive edge clock.
Creating register for signal `\spi_loader.$bitselwrite$pos$spi_loader.v:93$273' using process `\spi_loader.$proc$spi_loader.v:35$275'.
  created $adff cell `$procdff$699' with positive edge clock and positive level reset.
Creating register for signal `\spi_loader.$lookahead\ram_data$274' using process `\spi_loader.$proc$spi_loader.v:35$275'.
  created $adff cell `$procdff$704' with positive edge clock and positive level reset.
Creating register for signal `\ram_dual.\data_b' using process `\ram_dual.$proc$ram_dual.v:15$265'.
  created $dff cell `$procdff$705' with positive edge clock.
Creating register for signal `\ram_dual.$memwr$\ram$ram_dual.v:16$264_ADDR' using process `\ram_dual.$proc$ram_dual.v:15$265'.
  created $dff cell `$procdff$706' with positive edge clock.
Creating register for signal `\ram_dual.$memwr$\ram$ram_dual.v:16$264_DATA' using process `\ram_dual.$proc$ram_dual.v:15$265'.
  created $dff cell `$procdff$707' with positive edge clock.
Creating register for signal `\ram_dual.$memwr$\ram$ram_dual.v:16$264_EN' using process `\ram_dual.$proc$ram_dual.v:15$265'.
  created $dff cell `$procdff$708' with positive edge clock.
Creating register for signal `$paramod\count\width=s32'00000000000000000000000000000100.\outc' using process `$paramod\count\width=s32'00000000000000000000000000000100.$proc$count.v:12$259'.
  created $dff cell `$procdff$709' with negative edge clock.
Creating register for signal `$paramod\count\width=s32'00000000000000000000000000000101.\outc' using process `$paramod\count\width=s32'00000000000000000000000000000101.$proc$count.v:12$254'.
  created $dff cell `$procdff$710' with negative edge clock.
Creating register for signal `$paramod\count\width=s32'00000000000000000000000000001010.\outc' using process `$paramod\count\width=s32'00000000000000000000000000001010.$proc$count.v:12$249'.
  created $dff cell `$procdff$711' with negative edge clock.
Creating register for signal `$paramod\count\width=s32'00000000000000000000000000000001.\outc' using process `$paramod\count\width=s32'00000000000000000000000000000001.$proc$count.v:12$244'.
  created $dff cell `$procdff$712' with negative edge clock.
Creating register for signal `$paramod$0c216828c8105f75f8c874c5278a89844b76dec2\lsr_led.\s_A' using process `$paramod$0c216828c8105f75f8c874c5278a89844b76dec2\lsr_led.$proc$lsr_led.v:11$242'.
  created $dff cell `$procdff$713' with negative edge clock.
Creating register for signal `\ctrl_lp4k.\state' using process `\ctrl_lp4k.$proc$ctrl_lp4k.v:39$237'.
  created $dff cell `$procdff$714' with positive edge clock.

12.5.10. Executing PROC_MEMWR pass (convert process memory writes to cells).

12.5.11. Executing PROC_CLEAN pass (remove empty switches from decision trees).
Removing empty process `led_panel_4k.$proc$led_panel_4k.v:26$236'.
Found and cleaned up 2 empty switches in `\led_panel_4k.$proc$led_panel_4k.v:60$231'.
Removing empty process `led_panel_4k.$proc$led_panel_4k.v:60$231'.
Found and cleaned up 1 empty switch in `\led_panel_4k.$proc$led_panel_4k.v:34$227'.
Removing empty process `led_panel_4k.$proc$led_panel_4k.v:34$227'.
Found and cleaned up 12 empty switches in `\spi_loader.$proc$spi_loader.v:35$275'.
Removing empty process `spi_loader.$proc$spi_loader.v:35$275'.
Found and cleaned up 1 empty switch in `\ram_dual.$proc$ram_dual.v:15$265'.
Removing empty process `ram_dual.$proc$ram_dual.v:15$265'.
Found and cleaned up 2 empty switches in `$paramod\count\width=s32'00000000000000000000000000000100.$proc$count.v:12$259'.
Removing empty process `$paramod\count\width=s32'00000000000000000000000000000100.$proc$count.v:12$259'.
Found and cleaned up 2 empty switches in `$paramod\count\width=s32'00000000000000000000000000000101.$proc$count.v:12$254'.
Removing empty process `$paramod\count\width=s32'00000000000000000000000000000101.$proc$count.v:12$254'.
Found and cleaned up 2 empty switches in `$paramod\count\width=s32'00000000000000000000000000001010.$proc$count.v:12$249'.
Removing empty process `$paramod\count\width=s32'00000000000000000000000000001010.$proc$count.v:12$249'.
Found and cleaned up 2 empty switches in `$paramod\count\width=s32'00000000000000000000000000000001.$proc$count.v:12$244'.
Removing empty process `$paramod\count\width=s32'00000000000000000000000000000001.$proc$count.v:12$244'.
Found and cleaned up 2 empty switches in `$paramod$0c216828c8105f75f8c874c5278a89844b76dec2\lsr_led.$proc$lsr_led.v:11$242'.
Removing empty process `$paramod$0c216828c8105f75f8c874c5278a89844b76dec2\lsr_led.$proc$lsr_led.v:11$242'.
Found and cleaned up 1 empty switch in `$paramod\comp_4k\width=s32'00000000000000000000000000001010.$proc$comp.v:10$240'.
Removing empty process `$paramod\comp_4k\width=s32'00000000000000000000000000001010.$proc$comp.v:10$240'.
Found and cleaned up 1 empty switch in `\mux_led.$proc$mux_led.v:7$239'.
Removing empty process `mux_led.$proc$mux_led.v:7$239'.
Found and cleaned up 1 empty switch in `\ctrl_lp4k.$proc$ctrl_lp4k.v:101$238'.
Removing empty process `ctrl_lp4k.$proc$ctrl_lp4k.v:101$238'.
Found and cleaned up 7 empty switches in `\ctrl_lp4k.$proc$ctrl_lp4k.v:39$237'.
Removing empty process `ctrl_lp4k.$proc$ctrl_lp4k.v:39$237'.
Cleaned up 36 empty switches.

12.5.12. Executing OPT_EXPR pass (perform const folding).
Optimizing module led_panel_4k.
<suppressed ~3 debug messages>
Optimizing module spi_loader.
<suppressed ~43 debug messages>
Optimizing module ram_dual.
Optimizing module $paramod\count\width=s32'00000000000000000000000000000100.
<suppressed ~2 debug messages>
Optimizing module $paramod\count\width=s32'00000000000000000000000000000101.
<suppressed ~2 debug messages>
Optimizing module $paramod\count\width=s32'00000000000000000000000000001010.
<suppressed ~2 debug messages>
Optimizing module $paramod\count\width=s32'00000000000000000000000000000001.
<suppressed ~2 debug messages>
Optimizing module $paramod$0c216828c8105f75f8c874c5278a89844b76dec2\lsr_led.
<suppressed ~1 debug messages>
Optimizing module $paramod\comp_4k\width=s32'00000000000000000000000000001010.
Optimizing module mux_led.
<suppressed ~1 debug messages>
Optimizing module ctrl_lp4k.
<suppressed ~2 debug messages>

12.6. Executing FLATTEN pass (flatten design).
Deleting now unused module spi_loader.
Deleting now unused module ram_dual.
Deleting now unused module $paramod\count\width=s32'00000000000000000000000000000100.
Deleting now unused module $paramod\count\width=s32'00000000000000000000000000000101.
Deleting now unused module $paramod\count\width=s32'00000000000000000000000000001010.
Deleting now unused module $paramod\count\width=s32'00000000000000000000000000000001.
Deleting now unused module $paramod$0c216828c8105f75f8c874c5278a89844b76dec2\lsr_led.
Deleting now unused module $paramod\comp_4k\width=s32'00000000000000000000000000001010.
Deleting now unused module mux_led.
Deleting now unused module ctrl_lp4k.
<suppressed ~10 debug messages>

12.7. Executing TRIBUF pass.

12.8. Executing DEMINOUT pass (demote inout ports to input or output).

12.9. Executing OPT_EXPR pass (perform const folding).
Optimizing module led_panel_4k.
<suppressed ~8 debug messages>

12.10. Executing OPT_CLEAN pass (remove unused cells and wires).
Finding unused cells or wires in module \led_panel_4k..
Removed 33 unused cells and 202 unused wires.
<suppressed ~40 debug messages>

12.11. Executing CHECK pass (checking for obvious problems).
Checking module led_panel_4k...
Found and reported 0 problems.

12.12. Executing OPT pass (performing simple optimizations).

12.12.1. Executing OPT_EXPR pass (perform const folding).
Optimizing module led_panel_4k.

12.12.2. Executing OPT_MERGE pass (detect identical cells).
Finding identical cells in module `\led_panel_4k'.
<suppressed ~105 debug messages>
Removed a total of 35 cells.

12.12.3. Executing OPT_MUXTREE pass (detect dead branches in mux trees).
Running muxtree optimizer on module \led_panel_4k..
  Creating internal representation of mux trees.
  Evaluating internal representation of mux trees.
      Replacing known input bits on port B of cell $procmux$327: \rst_cnt -> { 1'1 \rst_cnt [4:0] }
  Analyzing evaluation results.
    dead port 2/2 on $mux $flatten\ctrl0.$procmux$564.
    dead port 2/2 on $mux $flatten\ctrl0.$procmux$567.
    dead port 2/2 on $mux $flatten\ctrl0.$procmux$577.
    dead port 2/2 on $mux $flatten\ctrl0.$procmux$580.
    dead port 2/2 on $mux $flatten\ctrl0.$procmux$592.
    dead port 2/2 on $mux $flatten\ctrl0.$procmux$595.
    dead port 2/2 on $mux $flatten\ctrl0.$procmux$609.
    dead port 2/2 on $mux $flatten\ctrl0.$procmux$612.
    dead port 2/2 on $mux $flatten\ctrl0.$procmux$626.
    dead port 2/2 on $mux $flatten\u_loader.$procmux$334.
    dead port 1/2 on $mux $flatten\u_loader.$procmux$399.
    dead port 2/2 on $mux $flatten\u_loader.$procmux$399.
    dead port 1/2 on $mux $flatten\u_loader.$procmux$402.
    dead port 2/2 on $mux $flatten\u_loader.$procmux$402.
    dead port 2/2 on $mux $flatten\u_loader.$procmux$404.
    dead port 2/2 on $mux $flatten\ctrl0.$procmux$553.
    dead port 2/2 on $mux $flatten\ctrl0.$procmux$556.
Removed 17 multiplexer ports.
<suppressed ~28 debug messages>

12.12.4. Executing OPT_REDUCE pass (consolidate $*mux and $reduce_* inputs).
  Optimizing cells in module \led_panel_4k.
    New ctrl vector for $pmux cell $flatten\u_loader.$procmux$442: { $flatten\u_loader.$procmux$335_CMP $auto$opt_reduce.cc:137:opt_pmux$727 }
    Consolidated identical input bits for $mux cell $flatten\u_video_ram.$procmux$506:
      Old ports: A=24'000000000000000000000000, B=24'111111111111111111111111, Y=$flatten\u_video_ram.$0$memwr$\ram$ram_dual.v:16$264_EN[23:0]$268
      New ports: A=1'0, B=1'1, Y=$flatten\u_video_ram.$0$memwr$\ram$ram_dual.v:16$264_EN[23:0]$268 [0]
      New connections: $flatten\u_video_ram.$0$memwr$\ram$ram_dual.v:16$264_EN[23:0]$268 [23:1] = { $flatten\u_video_ram.$0$memwr$\ram$ram_dual.v:16$264_EN[23:0]$268 [0] $flatten\u_video_ram.$0$memwr$\ram$ram_dual.v:16$264_EN[23:0]$268 [0] $flatten\u_video_ram.$0$memwr$\ram$ram_dual.v:16$264_EN[23:0]$268 [0] $flatten\u_video_ram.$0$memwr$\ram$ram_dual.v:16$264_EN[23:0]$268 [0] $flatten\u_video_ram.$0$memwr$\ram$ram_dual.v:16$264_EN[23:0]$268 [0] $flatten\u_video_ram.$0$memwr$\ram$ram_dual.v:16$264_EN[23:0]$268 [0] $flatten\u_video_ram.$0$memwr$\ram$ram_dual.v:16$264_EN[23:0]$268 [0] $flatten\u_video_ram.$0$memwr$\ram$ram_dual.v:16$264_EN[23:0]$268 [0] $flatten\u_video_ram.$0$memwr$\ram$ram_dual.v:16$264_EN[23:0]$268 [0] $flatten\u_video_ram.$0$memwr$\ram$ram_dual.v:16$264_EN[23:0]$268 [0] $flatten\u_video_ram.$0$memwr$\ram$ram_dual.v:16$264_EN[23:0]$268 [0] $flatten\u_video_ram.$0$memwr$\ram$ram_dual.v:16$264_EN[23:0]$268 [0] $flatten\u_video_ram.$0$memwr$\ram$ram_dual.v:16$264_EN[23:0]$268 [0] $flatten\u_video_ram.$0$memwr$\ram$ram_dual.v:16$264_EN[23:0]$268 [0] $flatten\u_video_ram.$0$memwr$\ram$ram_dual.v:16$264_EN[23:0]$268 [0] $flatten\u_video_ram.$0$memwr$\ram$ram_dual.v:16$264_EN[23:0]$268 [0] $flatten\u_video_ram.$0$memwr$\ram$ram_dual.v:16$264_EN[23:0]$268 [0] $flatten\u_video_ram.$0$memwr$\ram$ram_dual.v:16$264_EN[23:0]$268 [0] $flatten\u_video_ram.$0$memwr$\ram$ram_dual.v:16$264_EN[23:0]$268 [0] $flatten\u_video_ram.$0$memwr$\ram$ram_dual.v:16$264_EN[23:0]$268 [0] $flatten\u_video_ram.$0$memwr$\ram$ram_dual.v:16$264_EN[23:0]$268 [0] $flatten\u_video_ram.$0$memwr$\ram$ram_dual.v:16$264_EN[23:0]$268 [0] $flatten\u_video_ram.$0$memwr$\ram$ram_dual.v:16$264_EN[23:0]$268 [0] }
  Optimizing cells in module \led_panel_4k.
Performed a total of 3 changes.

12.12.5. Executing OPT_MERGE pass (detect identical cells).
Finding identical cells in module `\led_panel_4k'.
Removed a total of 0 cells.

12.12.6. Executing OPT_DFF pass (perform DFF optimizations).

12.12.7. Executing OPT_CLEAN pass (remove unused cells and wires).
Finding unused cells or wires in module \led_panel_4k..
Removed 0 unused cells and 51 unused wires.
<suppressed ~1 debug messages>

12.12.8. Executing OPT_EXPR pass (perform const folding).
Optimizing module led_panel_4k.

12.12.9. Rerunning OPT passes. (Maybe there is more to do..)

12.12.10. Executing OPT_MUXTREE pass (detect dead branches in mux trees).
Running muxtree optimizer on module \led_panel_4k..
  Creating internal representation of mux trees.
  Evaluating internal representation of mux trees.
  Analyzing evaluation results.
Removed 0 multiplexer ports.
<suppressed ~28 debug messages>

12.12.11. Executing OPT_REDUCE pass (consolidate $*mux and $reduce_* inputs).
  Optimizing cells in module \led_panel_4k.
Performed a total of 0 changes.

12.12.12. Executing OPT_MERGE pass (detect identical cells).
Finding identical cells in module `\led_panel_4k'.
Removed a total of 0 cells.

12.12.13. Executing OPT_DFF pass (perform DFF optimizations).

12.12.14. Executing OPT_CLEAN pass (remove unused cells and wires).
Finding unused cells or wires in module \led_panel_4k..

12.12.15. Executing OPT_EXPR pass (perform const folding).
Optimizing module led_panel_4k.

12.12.16. Finished OPT passes. (There is nothing left to do.)

12.13. Executing FSM pass (extract and optimize FSM).

12.13.1. Executing FSM_DETECT pass (finding FSMs in design).
Not marking led_panel_4k.ctrl0.state as FSM state register:
    Users of register don't seem to benefit from recoding.
Found FSM state register led_panel_4k.u_loader.state.

12.13.2. Executing FSM_EXTRACT pass (extracting FSM from design).
Extracting FSM `\u_loader.state' from module `\led_panel_4k'.
  found $adff cell for state register: $flatten\u_loader.$procdff$670
  root of input selection tree: $flatten\u_loader.$0\state[2:0]
  found reset state: 3'000 (from async reset)
  found ctrl input: $flatten\u_loader.$procmux$388_CMP
  found ctrl input: $flatten\u_loader.$procmux$335_CMP
  found ctrl input: $flatten\u_loader.$eq$spi_loader.v:81$289_Y
  found ctrl input: $flatten\u_loader.$procmux$412_CMP
  found ctrl input: $flatten\u_loader.$gt$spi_loader.v:120$308_Y
  found ctrl input: \u_loader.timer [0]
  found ctrl input: $flatten\u_loader.$eq$spi_loader.v:71$287_Y
  found ctrl input: $flatten\u_loader.$eq$spi_loader.v:98$303_Y
  found state code: 3'011
  found ctrl input: $flatten\u_loader.$eq$spi_loader.v:60$285_Y
  found state code: 3'010
  found ctrl input: $flatten\u_loader.$gt$spi_loader.v:51$284_Y
  found state code: 3'001
  found ctrl output: $flatten\u_loader.$procmux$412_CMP
  found ctrl output: $flatten\u_loader.$procmux$388_CMP
  found ctrl output: $flatten\u_loader.$procmux$335_CMP
  found ctrl output: $flatten\u_loader.$eq$spi_loader.v:81$289_Y
  ctrl inputs: { \u_loader.timer [0] $flatten\u_loader.$gt$spi_loader.v:51$284_Y $flatten\u_loader.$eq$spi_loader.v:60$285_Y $flatten\u_loader.$eq$spi_loader.v:71$287_Y $flatten\u_loader.$eq$spi_loader.v:98$303_Y $flatten\u_loader.$gt$spi_loader.v:120$308_Y }
  ctrl outputs: { $flatten\u_loader.$0\state[2:0] $flatten\u_loader.$eq$spi_loader.v:81$289_Y $flatten\u_loader.$procmux$335_CMP $flatten\u_loader.$procmux$388_CMP $flatten\u_loader.$procmux$412_CMP }
  transition:      3'000 6'-0---- ->      3'000 7'0000001
  transition:      3'000 6'-1---- ->      3'001 7'0010001
  transition:      3'010 6'0----- ->      3'010 7'0100100
  transition:      3'010 6'1--0-- ->      3'010 7'0100100
  transition:      3'010 6'1--10- ->      3'010 7'0100100
  transition:      3'010 6'1--11- ->      3'011 7'0110100
  transition:      3'001 6'0-00-- ->      3'001 7'0011000
  transition:      3'001 6'0-01-- ->      3'010 7'0101000
  transition:      3'001 6'1-0--- ->      3'001 7'0011000
  transition:      3'001 6'--1--- ->      3'001 7'0011000
  transition:      3'011 6'-----0 ->      3'011 7'0110010
  transition:      3'011 6'-----1 ->      3'000 7'0000010

12.13.3. Executing FSM_OPT pass (simple optimizations of FSMs).
Optimizing FSM `$fsm$\u_loader.state$728' from module `\led_panel_4k'.

12.13.4. Executing OPT_CLEAN pass (remove unused cells and wires).
Finding unused cells or wires in module \led_panel_4k..
Removed 14 unused cells and 14 unused wires.
<suppressed ~15 debug messages>

12.13.5. Executing FSM_OPT pass (simple optimizations of FSMs).
Optimizing FSM `$fsm$\u_loader.state$728' from module `\led_panel_4k'.
  Removing unused output signal $flatten\u_loader.$0\state[2:0] [0].
  Removing unused output signal $flatten\u_loader.$0\state[2:0] [1].
  Removing unused output signal $flatten\u_loader.$0\state[2:0] [2].

12.13.6. Executing FSM_RECODE pass (re-assigning FSM state encoding).
Recoding FSM `$fsm$\u_loader.state$728' from module `\led_panel_4k' using `auto' encoding:
  mapping auto encoding to `one-hot` for this FSM.
  000 -> ---1
  010 -> --1-
  001 -> -1--
  011 -> 1---

12.13.7. Executing FSM_INFO pass (dumping all available information on FSM cells).

FSM `$fsm$\u_loader.state$728' from module `led_panel_4k':
-------------------------------------

  Information on FSM $fsm$\u_loader.state$728 (\u_loader.state):

  Number of input signals:    6
  Number of output signals:   4
  Number of state bits:       4

  Input signals:
    0: $flatten\u_loader.$gt$spi_loader.v:120$308_Y
    1: $flatten\u_loader.$eq$spi_loader.v:98$303_Y
    2: $flatten\u_loader.$eq$spi_loader.v:71$287_Y
    3: $flatten\u_loader.$eq$spi_loader.v:60$285_Y
    4: $flatten\u_loader.$gt$spi_loader.v:51$284_Y
    5: \u_loader.timer [0]

  Output signals:
    0: $flatten\u_loader.$procmux$412_CMP
    1: $flatten\u_loader.$procmux$388_CMP
    2: $flatten\u_loader.$procmux$335_CMP
    3: $flatten\u_loader.$eq$spi_loader.v:81$289_Y

  State encoding:
    0:     4'---1  <RESET STATE>
    1:     4'--1-
    2:     4'-1--
    3:     4'1---

  Transition Table (state_in, ctrl_in, state_out, ctrl_out):
      0:     0 6'-0----   ->     0 4'0001
      1:     0 6'-1----   ->     2 4'0001
      2:     1 6'1--10-   ->     1 4'0100
      3:     1 6'1--0--   ->     1 4'0100
      4:     1 6'0-----   ->     1 4'0100
      5:     1 6'1--11-   ->     3 4'0100
      6:     2 6'0-01--   ->     1 4'1000
      7:     2 6'0-00--   ->     2 4'1000
      8:     2 6'1-0---   ->     2 4'1000
      9:     2 6'--1---   ->     2 4'1000
     10:     3 6'-----1   ->     0 4'0010
     11:     3 6'-----0   ->     3 4'0010

-------------------------------------

12.13.8. Executing FSM_MAP pass (mapping FSMs to basic logic).
Mapping FSM `$fsm$\u_loader.state$728' from module `\led_panel_4k'.

12.14. Executing OPT pass (performing simple optimizations).

12.14.1. Executing OPT_EXPR pass (perform const folding).
Optimizing module led_panel_4k.
<suppressed ~7 debug messages>

12.14.2. Executing OPT_MERGE pass (detect identical cells).
Finding identical cells in module `\led_panel_4k'.
Removed a total of 0 cells.

12.14.3. Executing OPT_MUXTREE pass (detect dead branches in mux trees).
Running muxtree optimizer on module \led_panel_4k..
  Creating internal representation of mux trees.
  Evaluating internal representation of mux trees.
  Analyzing evaluation results.
Removed 0 multiplexer ports.
<suppressed ~27 debug messages>

12.14.4. Executing OPT_REDUCE pass (consolidate $*mux and $reduce_* inputs).
  Optimizing cells in module \led_panel_4k.
Performed a total of 0 changes.

12.14.5. Executing OPT_MERGE pass (detect identical cells).
Finding identical cells in module `\led_panel_4k'.
Removed a total of 0 cells.

12.14.6. Executing OPT_DFF pass (perform DFF optimizations).
Adding SRST signal on $procdff$633 ($dff) from module led_panel_4k (D = $add$led_panel_4k.v:35$229_Y [5], Q = \rst_cnt [5], rval = 1'1).
Adding EN signal on $procdff$633 ($dff) from module led_panel_4k (D = $add$led_panel_4k.v:35$229_Y [4:0], Q = \rst_cnt [4:0]).
Adding SRST signal on $procdff$632 ($dff) from module led_panel_4k (D = $add$led_panel_4k.v:69$234_Y [4:0], Q = \clk_counter, rval = 5'00000).
Adding SRST signal on $procdff$631 ($dff) from module led_panel_4k (D = $procmux$322_Y, Q = \clk1, rval = 1'0).
Adding EN signal on $auto$ff.cc:266:slice$798 ($sdff) from module led_panel_4k (D = $not$led_panel_4k.v:66$233_Y, Q = \clk1).
Adding EN signal on $flatten\u_loader.$procdff$694 ($dff) from module led_panel_4k (D = $flatten\u_loader.$0\bit_cnt[5:0], Q = \u_loader.bit_cnt).
Adding EN signal on $flatten\u_loader.$procdff$687 ($dff) from module led_panel_4k (D = { 8'00000011 \u_loader.flash_ptr }, Q = \u_loader.shift_out).
Adding EN signal on $flatten\u_loader.$procdff$680 ($adff) from module led_panel_4k (D = $flatten\u_loader.$procmux$383_Y, Q = \u_loader.flash_ptr).
Adding EN signal on $flatten\u_loader.$procdff$675 ($adff) from module led_panel_4k (D = $flatten\u_loader.$0\timer[31:0], Q = \u_loader.timer).
Adding EN signal on $flatten\u_loader.$procdff$665 ($adff) from module led_panel_4k (D = $flatten\u_loader.$0\ram_wren[0:0], Q = \u_loader.ram_wren).
Adding EN signal on $flatten\u_loader.$procdff$660 ($dff) from module led_panel_4k (D = $flatten\u_loader.$or$spi_loader.v:0$301_Y, Q = \u_loader.ram_data).
Adding EN signal on $flatten\u_loader.$procdff$653 ($adff) from module led_panel_4k (D = $flatten\u_loader.$0\ram_addr[11:0], Q = \u_loader.ram_addr).
Adding EN signal on $flatten\u_loader.$procdff$648 ($adff) from module led_panel_4k (D = $flatten\u_loader.$shiftx$spi_loader.v:0$286_Y, Q = \u_loader.spi_mosi).
Adding EN signal on $flatten\u_loader.$procdff$643 ($adff) from module led_panel_4k (D = $flatten\u_loader.$0\spi_clk[0:0], Q = \u_loader.spi_clk).
Adding EN signal on $flatten\u_loader.$procdff$638 ($adff) from module led_panel_4k (D = $flatten\u_loader.$0\spi_cs[0:0], Q = \u_loader.spi_cs).
Adding SRST signal on $flatten\lsr_led0.$procdff$713 ($dff) from module led_panel_4k (D = $flatten\lsr_led0.$procmux$535_Y, Q = \lsr_led0.s_A, rval = 11'00000110010).
Adding EN signal on $auto$ff.cc:266:slice$860 ($sdff) from module led_panel_4k (D = { \lsr_led0.s_A [9:0] 1'0 }, Q = \lsr_led0.s_A).
Adding SRST signal on $flatten\ctrl0.$procdff$714 ($dff) from module led_panel_4k (D = $flatten\ctrl0.$2\state[3:0], Q = \ctrl0.state, rval = 4'0000).
Adding SRST signal on $flatten\count_row.$procdff$709 ($dff) from module led_panel_4k (D = $flatten\count_row.$procmux$514_Y, Q = \count_row.outc, rval = 5'00000).
Adding EN signal on $auto$ff.cc:266:slice$863 ($sdff) from module led_panel_4k (D = $flatten\count_row.$add$count.v:16$261_Y [4:0], Q = \count_row.outc).
Adding SRST signal on $flatten\count_index.$procdff$712 ($dff) from module led_panel_4k (D = $flatten\count_index.$procmux$529_Y, Q = \count_index.outc, rval = 2'00).
Adding EN signal on $auto$ff.cc:266:slice$865 ($sdff) from module led_panel_4k (D = $flatten\count_index.$add$count.v:16$246_Y [1:0], Q = \count_index.outc).
Adding SRST signal on $flatten\count_col.$procdff$710 ($dff) from module led_panel_4k (D = $flatten\count_col.$procmux$519_Y, Q = \count_col.outc, rval = 6'000000).
Adding EN signal on $auto$ff.cc:266:slice$867 ($sdff) from module led_panel_4k (D = $flatten\count_col.$add$count.v:16$256_Y [5:0], Q = \count_col.outc).
Adding SRST signal on $flatten\cnt_delay.$procdff$711 ($dff) from module led_panel_4k (D = $flatten\cnt_delay.$procmux$524_Y, Q = \cnt_delay.outc, rval = 11'00000000000).
Adding EN signal on $auto$ff.cc:266:slice$869 ($sdff) from module led_panel_4k (D = $flatten\cnt_delay.$add$count.v:16$251_Y [10:0], Q = \cnt_delay.outc).
Setting constant 0-bit at position 0 on $auto$ff.cc:266:slice$861 ($sdffe) from module led_panel_4k.
Setting constant 1-bit at position 24 on $auto$ff.cc:266:slice$811 ($dffe) from module led_panel_4k.
Setting constant 1-bit at position 25 on $auto$ff.cc:266:slice$811 ($dffe) from module led_panel_4k.
Setting constant 0-bit at position 26 on $auto$ff.cc:266:slice$811 ($dffe) from module led_panel_4k.
Setting constant 0-bit at position 27 on $auto$ff.cc:266:slice$811 ($dffe) from module led_panel_4k.
Setting constant 0-bit at position 28 on $auto$ff.cc:266:slice$811 ($dffe) from module led_panel_4k.
Setting constant 0-bit at position 29 on $auto$ff.cc:266:slice$811 ($dffe) from module led_panel_4k.
Setting constant 0-bit at position 30 on $auto$ff.cc:266:slice$811 ($dffe) from module led_panel_4k.
Setting constant 0-bit at position 31 on $auto$ff.cc:266:slice$811 ($dffe) from module led_panel_4k.

12.14.7. Executing OPT_CLEAN pass (remove unused cells and wires).
Finding unused cells or wires in module \led_panel_4k..
Removed 28 unused cells and 38 unused wires.
<suppressed ~29 debug messages>

12.14.8. Executing OPT_EXPR pass (perform const folding).
Optimizing module led_panel_4k.
<suppressed ~6 debug messages>

12.14.9. Rerunning OPT passes. (Maybe there is more to do..)

12.14.10. Executing OPT_MUXTREE pass (detect dead branches in mux trees).
Running muxtree optimizer on module \led_panel_4k..
  Creating internal representation of mux trees.
  Evaluating internal representation of mux trees.
  Analyzing evaluation results.
Removed 0 multiplexer ports.
<suppressed ~16 debug messages>

12.14.11. Executing OPT_REDUCE pass (consolidate $*mux and $reduce_* inputs).
  Optimizing cells in module \led_panel_4k.
Performed a total of 0 changes.

12.14.12. Executing OPT_MERGE pass (detect identical cells).
Finding identical cells in module `\led_panel_4k'.
<suppressed ~6 debug messages>
Removed a total of 2 cells.

12.14.13. Executing OPT_DFF pass (perform DFF optimizations).

12.14.14. Executing OPT_CLEAN pass (remove unused cells and wires).
Finding unused cells or wires in module \led_panel_4k..
Removed 0 unused cells and 2 unused wires.
<suppressed ~1 debug messages>

12.14.15. Executing OPT_EXPR pass (perform const folding).
Optimizing module led_panel_4k.

12.14.16. Rerunning OPT passes. (Maybe there is more to do..)

12.14.17. Executing OPT_MUXTREE pass (detect dead branches in mux trees).
Running muxtree optimizer on module \led_panel_4k..
  Creating internal representation of mux trees.
  Evaluating internal representation of mux trees.
  Analyzing evaluation results.
Removed 0 multiplexer ports.
<suppressed ~16 debug messages>

12.14.18. Executing OPT_REDUCE pass (consolidate $*mux and $reduce_* inputs).
  Optimizing cells in module \led_panel_4k.
Performed a total of 0 changes.

12.14.19. Executing OPT_MERGE pass (detect identical cells).
Finding identical cells in module `\led_panel_4k'.
Removed a total of 0 cells.

12.14.20. Executing OPT_DFF pass (perform DFF optimizations).

12.14.21. Executing OPT_CLEAN pass (remove unused cells and wires).
Finding unused cells or wires in module \led_panel_4k..

12.14.22. Executing OPT_EXPR pass (perform const folding).
Optimizing module led_panel_4k.

12.14.23. Finished OPT passes. (There is nothing left to do.)

12.15. Executing WREDUCE pass (reducing word size of cells).
Removed top 28 address bits (of 32) from memory init port led_panel_4k.$flatten\ctrl0.$auto$mem.cc:328:emit$314 ($flatten\ctrl0.$auto$proc_rom.cc:155:do_switch$312).
Removed top 31 bits (of 32) from port B of cell led_panel_4k.$add$led_panel_4k.v:35$229 ($add).
Removed top 26 bits (of 32) from port Y of cell led_panel_4k.$add$led_panel_4k.v:35$229 ($add).
Removed top 4 bits (of 5) from port B of cell led_panel_4k.$eq$led_panel_4k.v:65$232 ($eq).
Removed top 31 bits (of 32) from port B of cell led_panel_4k.$add$led_panel_4k.v:69$234 ($add).
Removed top 27 bits (of 32) from port Y of cell led_panel_4k.$add$led_panel_4k.v:69$234 ($add).
Removed top 2 bits (of 3) from port B of cell led_panel_4k.$auto$fsm_map.cc:77:implement_pattern_cache$756 ($eq).
Removed top 1 bits (of 24) from port B of cell led_panel_4k.$flatten\u_loader.$ge$spi_loader.v:126$310 ($ge).
Removed top 18 bits (of 32) from port B of cell led_panel_4k.$flatten\u_loader.$add$spi_loader.v:124$309 ($add).
Removed top 8 bits (of 32) from port Y of cell led_panel_4k.$flatten\u_loader.$add$spi_loader.v:124$309 ($add).
Removed top 11 bits (of 32) from port B of cell led_panel_4k.$flatten\u_loader.$gt$spi_loader.v:120$308 ($gt).
Removed top 31 bits (of 32) from port B of cell led_panel_4k.$flatten\u_loader.$add$spi_loader.v:112$306 ($add).
Removed top 20 bits (of 32) from port Y of cell led_panel_4k.$flatten\u_loader.$add$spi_loader.v:112$306 ($add).
Removed top 31 bits (of 32) from port B of cell led_panel_4k.$flatten\u_loader.$add$spi_loader.v:109$305 ($add).
Removed top 31 bits (of 32) from port B of cell led_panel_4k.$flatten\u_loader.$sub$spi_loader.v:107$304 ($sub).
Removed top 26 bits (of 32) from port Y of cell led_panel_4k.$flatten\u_loader.$sub$spi_loader.v:107$304 ($sub).
Converting cell led_panel_4k.$flatten\u_loader.$neg$spi_loader.v:0$295 ($neg) from signed to unsigned.
Removed top 1 bits (of 7) from port A of cell led_panel_4k.$flatten\u_loader.$neg$spi_loader.v:0$295 ($neg).
Removed top 22 bits (of 32) from port B of cell led_panel_4k.$flatten\u_loader.$gt$spi_loader.v:51$284 ($gt).
Removed top 31 bits (of 32) from mux cell led_panel_4k.$flatten\count_row.$ternary$count.v:18$263 ($mux).
Removed top 31 bits (of 32) from port B of cell led_panel_4k.$flatten\count_row.$add$count.v:16$261 ($add).
Removed top 27 bits (of 32) from port Y of cell led_panel_4k.$flatten\count_row.$add$count.v:16$261 ($add).
Removed top 31 bits (of 32) from mux cell led_panel_4k.$flatten\count_col.$ternary$count.v:18$258 ($mux).
Removed top 31 bits (of 32) from port B of cell led_panel_4k.$flatten\count_col.$add$count.v:16$256 ($add).
Removed top 26 bits (of 32) from port Y of cell led_panel_4k.$flatten\count_col.$add$count.v:16$256 ($add).
Removed top 31 bits (of 32) from port B of cell led_panel_4k.$flatten\cnt_delay.$add$count.v:16$251 ($add).
Removed top 21 bits (of 32) from port Y of cell led_panel_4k.$flatten\cnt_delay.$add$count.v:16$251 ($add).
Removed top 31 bits (of 32) from mux cell led_panel_4k.$flatten\count_index.$ternary$count.v:18$248 ($mux).
Removed top 31 bits (of 32) from port B of cell led_panel_4k.$flatten\count_index.$add$count.v:16$246 ($add).
Removed top 30 bits (of 32) from port Y of cell led_panel_4k.$flatten\count_index.$add$count.v:16$246 ($add).
Removed top 1 bits (of 2) from port B of cell led_panel_4k.$flatten\mux0.$procmux$546_CMP0 ($eq).
Removed top 3 bits (of 4) from port B of cell led_panel_4k.$flatten\ctrl0.$procmux$623_CMP0 ($eq).
Removed top 2 bits (of 4) from port B of cell led_panel_4k.$flatten\ctrl0.$procmux$621_CMP0 ($eq).
Removed top 1 bits (of 4) from port B of cell led_panel_4k.$flatten\ctrl0.$procmux$617_CMP0 ($eq).
Removed top 2 bits (of 4) from port B of cell led_panel_4k.$flatten\ctrl0.$procmux$593_CMP0 ($eq).
Removed top 3 bits (of 4) from mux cell led_panel_4k.$flatten\ctrl0.$procmux$590 ($mux).
Removed top 1 bits (of 4) from port B of cell led_panel_4k.$flatten\ctrl0.$procmux$578_CMP0 ($eq).
Removed top 1 bits (of 4) from mux cell led_panel_4k.$flatten\ctrl0.$procmux$562 ($mux).
Removed top 1 bits (of 4) from port B of cell led_panel_4k.$flatten\ctrl0.$procmux$554_CMP0 ($eq).
Removed top 3 bits (of 4) from mux cell led_panel_4k.$flatten\ctrl0.$procmux$551 ($mux).
Removed top 26 bits (of 32) from wire led_panel_4k.$add$led_panel_4k.v:35$229_Y.
Removed top 21 bits (of 32) from wire led_panel_4k.$flatten\cnt_delay.$add$count.v:16$251_Y.
Removed top 30 bits (of 32) from wire led_panel_4k.$flatten\count_index.$add$count.v:16$246_Y.
Removed top 3 bits (of 4) from wire led_panel_4k.$flatten\ctrl0.$4\state[3:0].
Removed top 1 bits (of 4) from wire led_panel_4k.$flatten\ctrl0.$6\state[3:0].
Removed top 20 bits (of 32) from wire led_panel_4k.$flatten\u_loader.$add$spi_loader.v:112$306_Y.
Removed top 8 bits (of 32) from wire led_panel_4k.$flatten\u_loader.$add$spi_loader.v:124$309_Y.
Removed top 4 bits (of 24) from wire led_panel_4k.$flatten\u_loader.$procmux$383_Y.

12.16. Executing PEEPOPT pass (run peephole optimizers).

12.17. Executing OPT_CLEAN pass (remove unused cells and wires).
Finding unused cells or wires in module \led_panel_4k..
Removed 0 unused cells and 11 unused wires.
<suppressed ~1 debug messages>

12.18. Executing SHARE pass (SAT-based resource sharing).

12.19. Executing TECHMAP pass (map to technology primitives).

12.19.1. Executing Verilog-2005 frontend: /opt/homebrew/bin/../share/yosys/cmp2lut.v
Parsing Verilog input from `/opt/homebrew/bin/../share/yosys/cmp2lut.v' to AST representation.
Generating RTLIL representation for module `\_90_lut_cmp_'.
Successfully finished Verilog frontend.

12.19.2. Continuing TECHMAP pass.
No more expansions possible.
<suppressed ~88 debug messages>

12.20. Executing OPT_EXPR pass (perform const folding).
Optimizing module led_panel_4k.

12.21. Executing OPT_CLEAN pass (remove unused cells and wires).
Finding unused cells or wires in module \led_panel_4k..

12.22. Executing TECHMAP pass (map to technology primitives).

12.22.1. Executing Verilog-2005 frontend: /opt/homebrew/bin/../share/yosys/mul2dsp.v
Parsing Verilog input from `/opt/homebrew/bin/../share/yosys/mul2dsp.v' to AST representation.
Generating RTLIL representation for module `\_80_mul'.
Generating RTLIL representation for module `\_90_soft_mul'.
Successfully finished Verilog frontend.

12.22.2. Executing Verilog-2005 frontend: /opt/homebrew/bin/../share/yosys/ecp5/dsp_map.v
Parsing Verilog input from `/opt/homebrew/bin/../share/yosys/ecp5/dsp_map.v' to AST representation.
Generating RTLIL representation for module `\$__MUL18X18'.
Successfully finished Verilog frontend.

12.22.3. Continuing TECHMAP pass.
No more expansions possible.
<suppressed ~5 debug messages>

12.23. Executing ALUMACC pass (create $alu and $macc cells).
Extracting $alu and $macc cells in module led_panel_4k:
  creating $macc model for $add$led_panel_4k.v:35$229 ($add).
  creating $macc model for $add$led_panel_4k.v:69$234 ($add).
  creating $macc model for $flatten\cnt_delay.$add$count.v:16$251 ($add).
  creating $macc model for $flatten\count_col.$add$count.v:16$256 ($add).
  creating $macc model for $flatten\count_index.$add$count.v:16$246 ($add).
  creating $macc model for $flatten\count_row.$add$count.v:16$261 ($add).
  creating $macc model for $flatten\u_loader.$add$spi_loader.v:109$305 ($add).
  creating $macc model for $flatten\u_loader.$add$spi_loader.v:112$306 ($add).
  creating $macc model for $flatten\u_loader.$add$spi_loader.v:124$309 ($add).
  creating $macc model for $flatten\u_loader.$neg$spi_loader.v:0$295 ($neg).
  creating $macc model for $flatten\u_loader.$sub$spi_loader.v:107$304 ($sub).
  creating $alu model for $macc $flatten\u_loader.$sub$spi_loader.v:107$304.
  creating $alu model for $macc $flatten\u_loader.$neg$spi_loader.v:0$295.
  creating $alu model for $macc $flatten\u_loader.$add$spi_loader.v:124$309.
  creating $alu model for $macc $flatten\u_loader.$add$spi_loader.v:112$306.
  creating $alu model for $macc $flatten\u_loader.$add$spi_loader.v:109$305.
  creating $alu model for $macc $flatten\count_row.$add$count.v:16$261.
  creating $alu model for $macc $flatten\count_index.$add$count.v:16$246.
  creating $alu model for $macc $flatten\count_col.$add$count.v:16$256.
  creating $alu model for $macc $flatten\cnt_delay.$add$count.v:16$251.
  creating $alu model for $macc $add$led_panel_4k.v:69$234.
  creating $alu model for $macc $add$led_panel_4k.v:35$229.
  creating $alu model for $flatten\u_loader.$ge$spi_loader.v:126$310 ($ge): new $alu
  creating $alu model for $flatten\u_loader.$gt$spi_loader.v:120$308 ($gt): new $alu
  creating $alu model for $flatten\u_loader.$gt$spi_loader.v:51$284 ($gt): new $alu
  creating $alu cell for $flatten\u_loader.$gt$spi_loader.v:51$284: $auto$alumacc.cc:495:replace_alu$885
  creating $alu cell for $flatten\u_loader.$gt$spi_loader.v:120$308: $auto$alumacc.cc:495:replace_alu$896
  creating $alu cell for $flatten\u_loader.$ge$spi_loader.v:126$310: $auto$alumacc.cc:495:replace_alu$907
  creating $alu cell for $add$led_panel_4k.v:35$229: $auto$alumacc.cc:495:replace_alu$920
  creating $alu cell for $add$led_panel_4k.v:69$234: $auto$alumacc.cc:495:replace_alu$923
  creating $alu cell for $flatten\cnt_delay.$add$count.v:16$251: $auto$alumacc.cc:495:replace_alu$926
  creating $alu cell for $flatten\count_col.$add$count.v:16$256: $auto$alumacc.cc:495:replace_alu$929
  creating $alu cell for $flatten\count_index.$add$count.v:16$246: $auto$alumacc.cc:495:replace_alu$932
  creating $alu cell for $flatten\count_row.$add$count.v:16$261: $auto$alumacc.cc:495:replace_alu$935
  creating $alu cell for $flatten\u_loader.$add$spi_loader.v:109$305: $auto$alumacc.cc:495:replace_alu$938
  creating $alu cell for $flatten\u_loader.$add$spi_loader.v:112$306: $auto$alumacc.cc:495:replace_alu$941
  creating $alu cell for $flatten\u_loader.$add$spi_loader.v:124$309: $auto$alumacc.cc:495:replace_alu$944
  creating $alu cell for $flatten\u_loader.$neg$spi_loader.v:0$295: $auto$alumacc.cc:495:replace_alu$947
  creating $alu cell for $flatten\u_loader.$sub$spi_loader.v:107$304: $auto$alumacc.cc:495:replace_alu$950
  created 14 $alu and 0 $macc cells.

12.24. Executing OPT pass (performing simple optimizations).

12.24.1. Executing OPT_EXPR pass (perform const folding).
Optimizing module led_panel_4k.
<suppressed ~4 debug messages>

12.24.2. Executing OPT_MERGE pass (detect identical cells).
Finding identical cells in module `\led_panel_4k'.
Removed a total of 0 cells.

12.24.3. Executing OPT_MUXTREE pass (detect dead branches in mux trees).
Running muxtree optimizer on module \led_panel_4k..
  Creating internal representation of mux trees.
  Evaluating internal representation of mux trees.
  Analyzing evaluation results.
Removed 0 multiplexer ports.
<suppressed ~16 debug messages>

12.24.4. Executing OPT_REDUCE pass (consolidate $*mux and $reduce_* inputs).
  Optimizing cells in module \led_panel_4k.
Performed a total of 0 changes.

12.24.5. Executing OPT_MERGE pass (detect identical cells).
Finding identical cells in module `\led_panel_4k'.
Removed a total of 0 cells.

12.24.6. Executing OPT_DFF pass (perform DFF optimizations).

12.24.7. Executing OPT_CLEAN pass (remove unused cells and wires).
Finding unused cells or wires in module \led_panel_4k..
Removed 0 unused cells and 5 unused wires.
<suppressed ~1 debug messages>

12.24.8. Executing OPT_EXPR pass (perform const folding).
Optimizing module led_panel_4k.

12.24.9. Rerunning OPT passes. (Maybe there is more to do..)

12.24.10. Executing OPT_MUXTREE pass (detect dead branches in mux trees).
Running muxtree optimizer on module \led_panel_4k..
  Creating internal representation of mux trees.
  Evaluating internal representation of mux trees.
  Analyzing evaluation results.
Removed 0 multiplexer ports.
<suppressed ~16 debug messages>

12.24.11. Executing OPT_REDUCE pass (consolidate $*mux and $reduce_* inputs).
  Optimizing cells in module \led_panel_4k.
Performed a total of 0 changes.

12.24.12. Executing OPT_MERGE pass (detect identical cells).
Finding identical cells in module `\led_panel_4k'.
Removed a total of 0 cells.

12.24.13. Executing OPT_DFF pass (perform DFF optimizations).

12.24.14. Executing OPT_CLEAN pass (remove unused cells and wires).
Finding unused cells or wires in module \led_panel_4k..

12.24.15. Executing OPT_EXPR pass (perform const folding).
Optimizing module led_panel_4k.

12.24.16. Finished OPT passes. (There is nothing left to do.)

12.25. Executing MEMORY pass.

12.25.1. Executing OPT_MEM pass (optimize memories).
Performed a total of 0 transformations.

12.25.2. Executing OPT_MEM_PRIORITY pass (removing unnecessary memory write priority relations).
Performed a total of 0 transformations.

12.25.3. Executing OPT_MEM_FEEDBACK pass (finding memory read-to-write feedback paths).
  Analyzing led_panel_4k.u_video_ram.ram write port 0.

12.25.4. Executing MEMORY_BMUX2ROM pass (converting muxes to ROMs).

12.25.5. Executing MEMORY_DFF pass (merging $dff cells to $memrd).
Checking read port `$flatten\ctrl0.$auto$proc_rom.cc:155:do_switch$312'[0] in module `\led_panel_4k': no output FF found.
Checking read port `\u_video_ram.ram'[0] in module `\led_panel_4k': merging output FF to cell.
    Write port 0: non-transparent.
Checking read port address `$flatten\ctrl0.$auto$proc_rom.cc:155:do_switch$312'[0] in module `\led_panel_4k': merged address FF to cell.

12.25.6. Executing OPT_CLEAN pass (remove unused cells and wires).
Finding unused cells or wires in module \led_panel_4k..
Removed 1 unused cells and 25 unused wires.
<suppressed ~2 debug messages>

12.25.7. Executing MEMORY_SHARE pass (consolidating $memrd/$memwr cells).

12.25.8. Executing OPT_MEM_WIDEN pass (optimize memories where all ports are wide).
Performed a total of 0 transformations.

12.25.9. Executing OPT_CLEAN pass (remove unused cells and wires).
Finding unused cells or wires in module \led_panel_4k..

12.25.10. Executing MEMORY_COLLECT pass (generating $mem cells).

12.26. Executing OPT_CLEAN pass (remove unused cells and wires).
Finding unused cells or wires in module \led_panel_4k..

12.27. Executing MEMORY_LIBMAP pass (mapping memories to cells).
using FF mapping for memory led_panel_4k.$flatten\ctrl0.$auto$proc_rom.cc:155:do_switch$312
mapping memory led_panel_4k.u_video_ram.ram via $__ECP5_DP16KD_
<suppressed ~626 debug messages>

12.28. Executing TECHMAP pass (map to technology primitives).

12.28.1. Executing Verilog-2005 frontend: /opt/homebrew/bin/../share/yosys/ecp5/lutrams_map.v
Parsing Verilog input from `/opt/homebrew/bin/../share/yosys/ecp5/lutrams_map.v' to AST representation.
Generating RTLIL representation for module `\$__TRELLIS_DPR16X4_'.
Successfully finished Verilog frontend.

12.28.2. Executing Verilog-2005 frontend: /opt/homebrew/bin/../share/yosys/ecp5/brams_map.v
Parsing Verilog input from `/opt/homebrew/bin/../share/yosys/ecp5/brams_map.v' to AST representation.
Generating RTLIL representation for module `\$__ECP5_DP16KD_'.
Generating RTLIL representation for module `\$__ECP5_PDPW16KD_'.
Successfully finished Verilog frontend.

12.28.3. Continuing TECHMAP pass.
Using template $paramod$c4aea9a221b3d95ca47d9df3d018cdac65e6baac\$__ECP5_DP16KD_ for cells of type $__ECP5_DP16KD_.
No more expansions possible.
<suppressed ~40 debug messages>

12.29. Executing OPT pass (performing simple optimizations).

12.29.1. Executing OPT_EXPR pass (perform const folding).
Optimizing module led_panel_4k.
<suppressed ~46 debug messages>

12.29.2. Executing OPT_MERGE pass (detect identical cells).
Finding identical cells in module `\led_panel_4k'.
<suppressed ~15 debug messages>
Removed a total of 5 cells.

12.29.3. Executing OPT_DFF pass (perform DFF optimizations).
Adding EN signal on $auto$ff.cc:266:slice$814 ($adffe) from module led_panel_4k (D = $auto$wreduce.cc:514:run$880 [11:0], Q = \u_loader.flash_ptr [11:0]).
Removing always-active EN on $auto$mem.cc:1146:emulate_transparency$989 ($dffe) from module led_panel_4k.

12.29.4. Executing OPT_CLEAN pass (remove unused cells and wires).
Finding unused cells or wires in module \led_panel_4k..
Removed 0 unused cells and 195 unused wires.
<suppressed ~1 debug messages>

12.29.5. Rerunning OPT passes. (Removed registers in this run.)

12.29.6. Executing OPT_EXPR pass (perform const folding).
Optimizing module led_panel_4k.
<suppressed ~2 debug messages>

12.29.7. Executing OPT_MERGE pass (detect identical cells).
Finding identical cells in module `\led_panel_4k'.
Removed a total of 0 cells.

12.29.8. Executing OPT_DFF pass (perform DFF optimizations).
Setting constant 0-bit at position 11 on $auto$mem.cc:1624:emulate_read_first$986 ($dff) from module led_panel_4k.

12.29.9. Executing OPT_CLEAN pass (remove unused cells and wires).
Finding unused cells or wires in module \led_panel_4k..
Removed 0 unused cells and 2 unused wires.
<suppressed ~1 debug messages>

12.29.10. Rerunning OPT passes. (Removed registers in this run.)

12.29.11. Executing OPT_EXPR pass (perform const folding).
Optimizing module led_panel_4k.

12.29.12. Executing OPT_MERGE pass (detect identical cells).
Finding identical cells in module `\led_panel_4k'.
Removed a total of 0 cells.

12.29.13. Executing OPT_DFF pass (perform DFF optimizations).

12.29.14. Executing OPT_CLEAN pass (remove unused cells and wires).
Finding unused cells or wires in module \led_panel_4k..

12.29.15. Finished fast OPT passes.

12.30. Executing MEMORY_MAP pass (converting memories to logic and flip-flops).
Mapping memory $flatten\ctrl0.$auto$proc_rom.cc:155:do_switch$312 in module \led_panel_4k:
  created 16 $dff cells and 0 static cells of width 13.
Extracted data FF from read port 0 of led_panel_4k.$flatten\ctrl0.$auto$proc_rom.cc:155:do_switch$312: $$flatten\ctrl0.$auto$proc_rom.cc:155:do_switch$312$rdreg[0]
  read interface: 1 $dff and 15 $mux cells.
  write interface: 0 write mux blocks.

12.31. Executing OPT pass (performing simple optimizations).

12.31.1. Executing OPT_EXPR pass (perform const folding).
Optimizing module led_panel_4k.
<suppressed ~4 debug messages>

12.31.2. Executing OPT_MERGE pass (detect identical cells).
Finding identical cells in module `\led_panel_4k'.
Removed a total of 0 cells.

12.31.3. Executing OPT_MUXTREE pass (detect dead branches in mux trees).
Running muxtree optimizer on module \led_panel_4k..
  Creating internal representation of mux trees.
  Evaluating internal representation of mux trees.
  Analyzing evaluation results.
Removed 0 multiplexer ports.
<suppressed ~12 debug messages>

12.31.4. Executing OPT_REDUCE pass (consolidate $*mux and $reduce_* inputs).
  Optimizing cells in module \led_panel_4k.
    New input vector for $reduce_and cell $auto$opt_dff.cc:273:make_patterns_logic$1292: { $auto$opt_dff.cc:247:make_patterns_logic$1289 $auto$fsm_map.cc:74:implement_pattern_cache$738 \u_loader.state [3] }
    Consolidated identical input bits for $mux cell $memory$flatten\ctrl0.$auto$proc_rom.cc:155:do_switch$312$rdmux[0][3][2]$1322:
      Old ports: A=13'0100000001000, B=13'0000001001111, Y=$memory$flatten\ctrl0.$auto$proc_rom.cc:155:do_switch$312$rdmux[0][2][1]$a$1308
      New ports: A=2'10, B=2'01, Y={ $memory$flatten\ctrl0.$auto$proc_rom.cc:155:do_switch$312$rdmux[0][2][1]$a$1308 [11] $memory$flatten\ctrl0.$auto$proc_rom.cc:155:do_switch$312$rdmux[0][2][1]$a$1308 [0] }
      New connections: { $memory$flatten\ctrl0.$auto$proc_rom.cc:155:do_switch$312$rdmux[0][2][1]$a$1308 [12] $memory$flatten\ctrl0.$auto$proc_rom.cc:155:do_switch$312$rdmux[0][2][1]$a$1308 [10:1] } = { 5'00000 $memory$flatten\ctrl0.$auto$proc_rom.cc:155:do_switch$312$rdmux[0][2][1]$a$1308 [0] 3'001 $memory$flatten\ctrl0.$auto$proc_rom.cc:155:do_switch$312$rdmux[0][2][1]$a$1308 [0] $memory$flatten\ctrl0.$auto$proc_rom.cc:155:do_switch$312$rdmux[0][2][1]$a$1308 [0] }
    Consolidated identical input bits for $mux cell $memory$flatten\ctrl0.$auto$proc_rom.cc:155:do_switch$312$rdmux[0][3][1]$1319:
      Old ports: A=13'1100000101111, B=13'0010000001111, Y=$memory$flatten\ctrl0.$auto$proc_rom.cc:155:do_switch$312$rdmux[0][2][0]$b$1306
      New ports: A=2'01, B=2'10, Y={ $memory$flatten\ctrl0.$auto$proc_rom.cc:155:do_switch$312$rdmux[0][2][0]$b$1306 [10] $memory$flatten\ctrl0.$auto$proc_rom.cc:155:do_switch$312$rdmux[0][2][0]$b$1306 [5] }
      New connections: { $memory$flatten\ctrl0.$auto$proc_rom.cc:155:do_switch$312$rdmux[0][2][0]$b$1306 [12:11] $memory$flatten\ctrl0.$auto$proc_rom.cc:155:do_switch$312$rdmux[0][2][0]$b$1306 [9:6] $memory$flatten\ctrl0.$auto$proc_rom.cc:155:do_switch$312$rdmux[0][2][0]$b$1306 [4:0] } = { $memory$flatten\ctrl0.$auto$proc_rom.cc:155:do_switch$312$rdmux[0][2][0]$b$1306 [5] $memory$flatten\ctrl0.$auto$proc_rom.cc:155:do_switch$312$rdmux[0][2][0]$b$1306 [5] 9'000001111 }
    Consolidated identical input bits for $mux cell $memory$flatten\ctrl0.$auto$proc_rom.cc:155:do_switch$312$rdmux[0][3][0]$1316:
      Old ports: A=13'0100100000000, B=13'0100000001111, Y=$memory$flatten\ctrl0.$auto$proc_rom.cc:155:do_switch$312$rdmux[0][2][0]$a$1305
      New ports: A=2'10, B=2'01, Y={ $memory$flatten\ctrl0.$auto$proc_rom.cc:155:do_switch$312$rdmux[0][2][0]$a$1305 [8] $memory$flatten\ctrl0.$auto$proc_rom.cc:155:do_switch$312$rdmux[0][2][0]$a$1305 [0] }
      New connections: { $memory$flatten\ctrl0.$auto$proc_rom.cc:155:do_switch$312$rdmux[0][2][0]$a$1305 [12:9] $memory$flatten\ctrl0.$auto$proc_rom.cc:155:do_switch$312$rdmux[0][2][0]$a$1305 [7:1] } = { 8'01000000 $memory$flatten\ctrl0.$auto$proc_rom.cc:155:do_switch$312$rdmux[0][2][0]$a$1305 [0] $memory$flatten\ctrl0.$auto$proc_rom.cc:155:do_switch$312$rdmux[0][2][0]$a$1305 [0] $memory$flatten\ctrl0.$auto$proc_rom.cc:155:do_switch$312$rdmux[0][2][0]$a$1305 [0] }
    Consolidated identical input bits for $mux cell $memory$flatten\ctrl0.$auto$proc_rom.cc:155:do_switch$312$rdmux[0][3][4]$1328:
      Old ports: A=13'0001010001011, B=13'0000001001111, Y=$memory$flatten\ctrl0.$auto$proc_rom.cc:155:do_switch$312$rdmux[0][2][2]$a$1311
      New ports: A=2'10, B=2'01, Y={ $memory$flatten\ctrl0.$auto$proc_rom.cc:155:do_switch$312$rdmux[0][2][2]$a$1311 [7] $memory$flatten\ctrl0.$auto$proc_rom.cc:155:do_switch$312$rdmux[0][2][2]$a$1311 [2] }
      New connections: { $memory$flatten\ctrl0.$auto$proc_rom.cc:155:do_switch$312$rdmux[0][2][2]$a$1311 [12:8] $memory$flatten\ctrl0.$auto$proc_rom.cc:155:do_switch$312$rdmux[0][2][2]$a$1311 [6:3] $memory$flatten\ctrl0.$auto$proc_rom.cc:155:do_switch$312$rdmux[0][2][2]$a$1311 [1:0] } = { 3'000 $memory$flatten\ctrl0.$auto$proc_rom.cc:155:do_switch$312$rdmux[0][2][2]$a$1311 [7] 1'0 $memory$flatten\ctrl0.$auto$proc_rom.cc:155:do_switch$312$rdmux[0][2][2]$a$1311 [2] 5'00111 }
    Consolidated identical input bits for $mux cell $memory$flatten\ctrl0.$auto$proc_rom.cc:155:do_switch$312$rdmux[0][3][3]$1325:
      Old ports: A=13'0101100011001, B=13'0100000001111, Y=$memory$flatten\ctrl0.$auto$proc_rom.cc:155:do_switch$312$rdmux[0][2][1]$b$1309
      New ports: A=2'10, B=2'01, Y={ $memory$flatten\ctrl0.$auto$proc_rom.cc:155:do_switch$312$rdmux[0][2][1]$b$1309 [4] $memory$flatten\ctrl0.$auto$proc_rom.cc:155:do_switch$312$rdmux[0][2][1]$b$1309 [1] }
      New connections: { $memory$flatten\ctrl0.$auto$proc_rom.cc:155:do_switch$312$rdmux[0][2][1]$b$1309 [12:5] $memory$flatten\ctrl0.$auto$proc_rom.cc:155:do_switch$312$rdmux[0][2][1]$b$1309 [3:2] $memory$flatten\ctrl0.$auto$proc_rom.cc:155:do_switch$312$rdmux[0][2][1]$b$1309 [0] } = { 3'010 $memory$flatten\ctrl0.$auto$proc_rom.cc:155:do_switch$312$rdmux[0][2][1]$b$1309 [4] $memory$flatten\ctrl0.$auto$proc_rom.cc:155:do_switch$312$rdmux[0][2][1]$b$1309 [4] 4'0001 $memory$flatten\ctrl0.$auto$proc_rom.cc:155:do_switch$312$rdmux[0][2][1]$b$1309 [1] 1'1 }
    Consolidated identical input bits for $mux cell $flatten\ctrl0.$procmux$562:
      Old ports: A=3'001, B=3'110, Y=$auto$wreduce.cc:514:run$877 [2:0]
      New ports: A=2'01, B=2'10, Y=$auto$wreduce.cc:514:run$877 [1:0]
      New connections: $auto$wreduce.cc:514:run$877 [2] = $auto$wreduce.cc:514:run$877 [1]
    Consolidated identical input bits for $mux cell $flatten\ctrl0.$procmux$575:
      Old ports: A=4'0101, B=4'1000, Y=$flatten\ctrl0.$5\state[3:0]
      New ports: A=2'01, B=2'10, Y={ $flatten\ctrl0.$5\state[3:0] [3] $flatten\ctrl0.$5\state[3:0] [0] }
      New connections: $flatten\ctrl0.$5\state[3:0] [2:1] = { $flatten\ctrl0.$5\state[3:0] [0] 1'0 }
    Consolidated identical input bits for $mux cell $flatten\u_loader.$procmux$383:
      Old ports: A={ $auto$wreduce.cc:514:run$879 [23:12] 12'x }, B=24'001100000000000000000000, Y=$auto$wreduce.cc:514:run$880
      New ports: A={ $auto$wreduce.cc:514:run$879 [23:12] 1'x }, B=13'0011000000000, Y={ $auto$wreduce.cc:514:run$880 [23:12] $auto$wreduce.cc:514:run$880 [0] }
      New connections: $auto$wreduce.cc:514:run$880 [11:1] = { $auto$wreduce.cc:514:run$880 [0] $auto$wreduce.cc:514:run$880 [0] $auto$wreduce.cc:514:run$880 [0] $auto$wreduce.cc:514:run$880 [0] $auto$wreduce.cc:514:run$880 [0] $auto$wreduce.cc:514:run$880 [0] $auto$wreduce.cc:514:run$880 [0] $auto$wreduce.cc:514:run$880 [0] $auto$wreduce.cc:514:run$880 [0] $auto$wreduce.cc:514:run$880 [0] $auto$wreduce.cc:514:run$880 [0] }
    New ctrl vector for $pmux cell $flatten\u_loader.$procmux$501: \u_loader.state [2]
  Optimizing cells in module \led_panel_4k.
    Consolidated identical input bits for $mux cell $memory$flatten\ctrl0.$auto$proc_rom.cc:155:do_switch$312$rdmux[0][2][2]$1310:
      Old ports: A=$memory$flatten\ctrl0.$auto$proc_rom.cc:155:do_switch$312$rdmux[0][2][2]$a$1311, B=13'0100000001000, Y=$memory$flatten\ctrl0.$auto$proc_rom.cc:155:do_switch$312$rdmux[0][1][1]$a$1302
      New ports: A={ 1'0 $memory$flatten\ctrl0.$auto$proc_rom.cc:155:do_switch$312$rdmux[0][2][2]$a$1311 [7] $memory$flatten\ctrl0.$auto$proc_rom.cc:155:do_switch$312$rdmux[0][2][2]$a$1311 [2] 1'1 }, B=4'1000, Y={ $memory$flatten\ctrl0.$auto$proc_rom.cc:155:do_switch$312$rdmux[0][1][1]$a$1302 [11] $memory$flatten\ctrl0.$auto$proc_rom.cc:155:do_switch$312$rdmux[0][1][1]$a$1302 [7] $memory$flatten\ctrl0.$auto$proc_rom.cc:155:do_switch$312$rdmux[0][1][1]$a$1302 [2] $memory$flatten\ctrl0.$auto$proc_rom.cc:155:do_switch$312$rdmux[0][1][1]$a$1302 [0] }
      New connections: { $memory$flatten\ctrl0.$auto$proc_rom.cc:155:do_switch$312$rdmux[0][1][1]$a$1302 [12] $memory$flatten\ctrl0.$auto$proc_rom.cc:155:do_switch$312$rdmux[0][1][1]$a$1302 [10:8] $memory$flatten\ctrl0.$auto$proc_rom.cc:155:do_switch$312$rdmux[0][1][1]$a$1302 [6:3] $memory$flatten\ctrl0.$auto$proc_rom.cc:155:do_switch$312$rdmux[0][1][1]$a$1302 [1] } = { 2'00 $memory$flatten\ctrl0.$auto$proc_rom.cc:155:do_switch$312$rdmux[0][1][1]$a$1302 [7] 1'0 $memory$flatten\ctrl0.$auto$proc_rom.cc:155:do_switch$312$rdmux[0][1][1]$a$1302 [2] 3'001 $memory$flatten\ctrl0.$auto$proc_rom.cc:155:do_switch$312$rdmux[0][1][1]$a$1302 [0] }
    Consolidated identical input bits for $mux cell $memory$flatten\ctrl0.$auto$proc_rom.cc:155:do_switch$312$rdmux[0][2][1]$1307:
      Old ports: A=$memory$flatten\ctrl0.$auto$proc_rom.cc:155:do_switch$312$rdmux[0][2][1]$a$1308, B=$memory$flatten\ctrl0.$auto$proc_rom.cc:155:do_switch$312$rdmux[0][2][1]$b$1309, Y=$memory$flatten\ctrl0.$auto$proc_rom.cc:155:do_switch$312$rdmux[0][1][0]$b$1300
      New ports: A={ $memory$flatten\ctrl0.$auto$proc_rom.cc:155:do_switch$312$rdmux[0][2][1]$a$1308 [11] $memory$flatten\ctrl0.$auto$proc_rom.cc:155:do_switch$312$rdmux[0][2][1]$a$1308 [0] 1'0 $memory$flatten\ctrl0.$auto$proc_rom.cc:155:do_switch$312$rdmux[0][2][1]$a$1308 [0] $memory$flatten\ctrl0.$auto$proc_rom.cc:155:do_switch$312$rdmux[0][2][1]$a$1308 [0] }, B={ 2'10 $memory$flatten\ctrl0.$auto$proc_rom.cc:155:do_switch$312$rdmux[0][2][1]$b$1309 [4] $memory$flatten\ctrl0.$auto$proc_rom.cc:155:do_switch$312$rdmux[0][2][1]$b$1309 [1] 1'1 }, Y={ $memory$flatten\ctrl0.$auto$proc_rom.cc:155:do_switch$312$rdmux[0][1][0]$b$1300 [11] $memory$flatten\ctrl0.$auto$proc_rom.cc:155:do_switch$312$rdmux[0][1][0]$b$1300 [6] $memory$flatten\ctrl0.$auto$proc_rom.cc:155:do_switch$312$rdmux[0][1][0]$b$1300 [4] $memory$flatten\ctrl0.$auto$proc_rom.cc:155:do_switch$312$rdmux[0][1][0]$b$1300 [1:0] }
      New connections: { $memory$flatten\ctrl0.$auto$proc_rom.cc:155:do_switch$312$rdmux[0][1][0]$b$1300 [12] $memory$flatten\ctrl0.$auto$proc_rom.cc:155:do_switch$312$rdmux[0][1][0]$b$1300 [10:7] $memory$flatten\ctrl0.$auto$proc_rom.cc:155:do_switch$312$rdmux[0][1][0]$b$1300 [5] $memory$flatten\ctrl0.$auto$proc_rom.cc:155:do_switch$312$rdmux[0][1][0]$b$1300 [3:2] } = { 2'00 $memory$flatten\ctrl0.$auto$proc_rom.cc:155:do_switch$312$rdmux[0][1][0]$b$1300 [4] $memory$flatten\ctrl0.$auto$proc_rom.cc:155:do_switch$312$rdmux[0][1][0]$b$1300 [4] 3'001 $memory$flatten\ctrl0.$auto$proc_rom.cc:155:do_switch$312$rdmux[0][1][0]$b$1300 [1] }
    Consolidated identical input bits for $mux cell $memory$flatten\ctrl0.$auto$proc_rom.cc:155:do_switch$312$rdmux[0][2][0]$1304:
      Old ports: A=$memory$flatten\ctrl0.$auto$proc_rom.cc:155:do_switch$312$rdmux[0][2][0]$a$1305, B=$memory$flatten\ctrl0.$auto$proc_rom.cc:155:do_switch$312$rdmux[0][2][0]$b$1306, Y=$memory$flatten\ctrl0.$auto$proc_rom.cc:155:do_switch$312$rdmux[0][1][0]$a$1299
      New ports: A={ 2'10 $memory$flatten\ctrl0.$auto$proc_rom.cc:155:do_switch$312$rdmux[0][2][0]$a$1305 [8] 1'0 $memory$flatten\ctrl0.$auto$proc_rom.cc:155:do_switch$312$rdmux[0][2][0]$a$1305 [0] }, B={ $memory$flatten\ctrl0.$auto$proc_rom.cc:155:do_switch$312$rdmux[0][2][0]$b$1306 [5] $memory$flatten\ctrl0.$auto$proc_rom.cc:155:do_switch$312$rdmux[0][2][0]$b$1306 [10] 1'0 $memory$flatten\ctrl0.$auto$proc_rom.cc:155:do_switch$312$rdmux[0][2][0]$b$1306 [5] 1'1 }, Y={ $memory$flatten\ctrl0.$auto$proc_rom.cc:155:do_switch$312$rdmux[0][1][0]$a$1299 [11:10] $memory$flatten\ctrl0.$auto$proc_rom.cc:155:do_switch$312$rdmux[0][1][0]$a$1299 [8] $memory$flatten\ctrl0.$auto$proc_rom.cc:155:do_switch$312$rdmux[0][1][0]$a$1299 [5] $memory$flatten\ctrl0.$auto$proc_rom.cc:155:do_switch$312$rdmux[0][1][0]$a$1299 [0] }
      New connections: { $memory$flatten\ctrl0.$auto$proc_rom.cc:155:do_switch$312$rdmux[0][1][0]$a$1299 [12] $memory$flatten\ctrl0.$auto$proc_rom.cc:155:do_switch$312$rdmux[0][1][0]$a$1299 [9] $memory$flatten\ctrl0.$auto$proc_rom.cc:155:do_switch$312$rdmux[0][1][0]$a$1299 [7:6] $memory$flatten\ctrl0.$auto$proc_rom.cc:155:do_switch$312$rdmux[0][1][0]$a$1299 [4:1] } = { $memory$flatten\ctrl0.$auto$proc_rom.cc:155:do_switch$312$rdmux[0][1][0]$a$1299 [5] 4'0000 $memory$flatten\ctrl0.$auto$proc_rom.cc:155:do_switch$312$rdmux[0][1][0]$a$1299 [0] $memory$flatten\ctrl0.$auto$proc_rom.cc:155:do_switch$312$rdmux[0][1][0]$a$1299 [0] $memory$flatten\ctrl0.$auto$proc_rom.cc:155:do_switch$312$rdmux[0][1][0]$a$1299 [0] }
  Optimizing cells in module \led_panel_4k.
    Consolidated identical input bits for $mux cell $memory$flatten\ctrl0.$auto$proc_rom.cc:155:do_switch$312$rdmux[0][1][1]$1301:
      Old ports: A=$memory$flatten\ctrl0.$auto$proc_rom.cc:155:do_switch$312$rdmux[0][1][1]$a$1302, B=13'0100000001000, Y=$memory$flatten\ctrl0.$auto$proc_rom.cc:155:do_switch$312$rdmux[0][0][0]$b$1297
      New ports: A={ $memory$flatten\ctrl0.$auto$proc_rom.cc:155:do_switch$312$rdmux[0][1][1]$a$1302 [11] $memory$flatten\ctrl0.$auto$proc_rom.cc:155:do_switch$312$rdmux[0][1][1]$a$1302 [7] $memory$flatten\ctrl0.$auto$proc_rom.cc:155:do_switch$312$rdmux[0][1][1]$a$1302 [2] $memory$flatten\ctrl0.$auto$proc_rom.cc:155:do_switch$312$rdmux[0][1][1]$a$1302 [0] }, B=4'1000, Y={ $memory$flatten\ctrl0.$auto$proc_rom.cc:155:do_switch$312$rdmux[0][0][0]$b$1297 [11] $memory$flatten\ctrl0.$auto$proc_rom.cc:155:do_switch$312$rdmux[0][0][0]$b$1297 [7] $memory$flatten\ctrl0.$auto$proc_rom.cc:155:do_switch$312$rdmux[0][0][0]$b$1297 [2] $memory$flatten\ctrl0.$auto$proc_rom.cc:155:do_switch$312$rdmux[0][0][0]$b$1297 [0] }
      New connections: { $memory$flatten\ctrl0.$auto$proc_rom.cc:155:do_switch$312$rdmux[0][0][0]$b$1297 [12] $memory$flatten\ctrl0.$auto$proc_rom.cc:155:do_switch$312$rdmux[0][0][0]$b$1297 [10:8] $memory$flatten\ctrl0.$auto$proc_rom.cc:155:do_switch$312$rdmux[0][0][0]$b$1297 [6:3] $memory$flatten\ctrl0.$auto$proc_rom.cc:155:do_switch$312$rdmux[0][0][0]$b$1297 [1] } = { 2'00 $memory$flatten\ctrl0.$auto$proc_rom.cc:155:do_switch$312$rdmux[0][0][0]$b$1297 [7] 1'0 $memory$flatten\ctrl0.$auto$proc_rom.cc:155:do_switch$312$rdmux[0][0][0]$b$1297 [2] 3'001 $memory$flatten\ctrl0.$auto$proc_rom.cc:155:do_switch$312$rdmux[0][0][0]$b$1297 [0] }
    Consolidated identical input bits for $mux cell $memory$flatten\ctrl0.$auto$proc_rom.cc:155:do_switch$312$rdmux[0][1][0]$1298:
      Old ports: A=$memory$flatten\ctrl0.$auto$proc_rom.cc:155:do_switch$312$rdmux[0][1][0]$a$1299, B=$memory$flatten\ctrl0.$auto$proc_rom.cc:155:do_switch$312$rdmux[0][1][0]$b$1300, Y=$memory$flatten\ctrl0.$auto$proc_rom.cc:155:do_switch$312$rdmux[0][0][0]$a$1296
      New ports: A={ $memory$flatten\ctrl0.$auto$proc_rom.cc:155:do_switch$312$rdmux[0][1][0]$a$1299 [11:10] $memory$flatten\ctrl0.$auto$proc_rom.cc:155:do_switch$312$rdmux[0][1][0]$a$1299 [8] 1'0 $memory$flatten\ctrl0.$auto$proc_rom.cc:155:do_switch$312$rdmux[0][1][0]$a$1299 [5] 1'0 $memory$flatten\ctrl0.$auto$proc_rom.cc:155:do_switch$312$rdmux[0][1][0]$a$1299 [0] $memory$flatten\ctrl0.$auto$proc_rom.cc:155:do_switch$312$rdmux[0][1][0]$a$1299 [0] $memory$flatten\ctrl0.$auto$proc_rom.cc:155:do_switch$312$rdmux[0][1][0]$a$1299 [0] }, B={ $memory$flatten\ctrl0.$auto$proc_rom.cc:155:do_switch$312$rdmux[0][1][0]$b$1300 [11] 1'0 $memory$flatten\ctrl0.$auto$proc_rom.cc:155:do_switch$312$rdmux[0][1][0]$b$1300 [4] $memory$flatten\ctrl0.$auto$proc_rom.cc:155:do_switch$312$rdmux[0][1][0]$b$1300 [6] 1'0 $memory$flatten\ctrl0.$auto$proc_rom.cc:155:do_switch$312$rdmux[0][1][0]$b$1300 [4] 1'1 $memory$flatten\ctrl0.$auto$proc_rom.cc:155:do_switch$312$rdmux[0][1][0]$b$1300 [1:0] }, Y={ $memory$flatten\ctrl0.$auto$proc_rom.cc:155:do_switch$312$rdmux[0][0][0]$a$1296 [11:10] $memory$flatten\ctrl0.$auto$proc_rom.cc:155:do_switch$312$rdmux[0][0][0]$a$1296 [8] $memory$flatten\ctrl0.$auto$proc_rom.cc:155:do_switch$312$rdmux[0][0][0]$a$1296 [6:3] $memory$flatten\ctrl0.$auto$proc_rom.cc:155:do_switch$312$rdmux[0][0][0]$a$1296 [1:0] }
      New connections: { $memory$flatten\ctrl0.$auto$proc_rom.cc:155:do_switch$312$rdmux[0][0][0]$a$1296 [12] $memory$flatten\ctrl0.$auto$proc_rom.cc:155:do_switch$312$rdmux[0][0][0]$a$1296 [9] $memory$flatten\ctrl0.$auto$proc_rom.cc:155:do_switch$312$rdmux[0][0][0]$a$1296 [7] $memory$flatten\ctrl0.$auto$proc_rom.cc:155:do_switch$312$rdmux[0][0][0]$a$1296 [2] } = { $memory$flatten\ctrl0.$auto$proc_rom.cc:155:do_switch$312$rdmux[0][0][0]$a$1296 [5:4] 1'0 $memory$flatten\ctrl0.$auto$proc_rom.cc:155:do_switch$312$rdmux[0][0][0]$a$1296 [1] }
  Optimizing cells in module \led_panel_4k.
    Consolidated identical input bits for $mux cell $memory$flatten\ctrl0.$auto$proc_rom.cc:155:do_switch$312$rdmux[0][0][0]$1295:
      Old ports: A=$memory$flatten\ctrl0.$auto$proc_rom.cc:155:do_switch$312$rdmux[0][0][0]$a$1296, B=$memory$flatten\ctrl0.$auto$proc_rom.cc:155:do_switch$312$rdmux[0][0][0]$b$1297, Y=$$flatten\ctrl0.$auto$proc_rom.cc:155:do_switch$312$rdreg[0]$d
      New ports: A={ $memory$flatten\ctrl0.$auto$proc_rom.cc:155:do_switch$312$rdmux[0][0][0]$a$1296 [11:10] $memory$flatten\ctrl0.$auto$proc_rom.cc:155:do_switch$312$rdmux[0][0][0]$a$1296 [4] $memory$flatten\ctrl0.$auto$proc_rom.cc:155:do_switch$312$rdmux[0][0][0]$a$1296 [8] 1'0 $memory$flatten\ctrl0.$auto$proc_rom.cc:155:do_switch$312$rdmux[0][0][0]$a$1296 [6:3] $memory$flatten\ctrl0.$auto$proc_rom.cc:155:do_switch$312$rdmux[0][0][0]$a$1296 [1] $memory$flatten\ctrl0.$auto$proc_rom.cc:155:do_switch$312$rdmux[0][0][0]$a$1296 [1:0] }, B={ $memory$flatten\ctrl0.$auto$proc_rom.cc:155:do_switch$312$rdmux[0][0][0]$b$1297 [11] 1'0 $memory$flatten\ctrl0.$auto$proc_rom.cc:155:do_switch$312$rdmux[0][0][0]$b$1297 [7] 1'0 $memory$flatten\ctrl0.$auto$proc_rom.cc:155:do_switch$312$rdmux[0][0][0]$b$1297 [7] $memory$flatten\ctrl0.$auto$proc_rom.cc:155:do_switch$312$rdmux[0][0][0]$b$1297 [2] 3'001 $memory$flatten\ctrl0.$auto$proc_rom.cc:155:do_switch$312$rdmux[0][0][0]$b$1297 [2] $memory$flatten\ctrl0.$auto$proc_rom.cc:155:do_switch$312$rdmux[0][0][0]$b$1297 [0] $memory$flatten\ctrl0.$auto$proc_rom.cc:155:do_switch$312$rdmux[0][0][0]$b$1297 [0] }, Y=$$flatten\ctrl0.$auto$proc_rom.cc:155:do_switch$312$rdreg[0]$d [11:0]
      New connections: $$flatten\ctrl0.$auto$proc_rom.cc:155:do_switch$312$rdreg[0]$d [12] = $$flatten\ctrl0.$auto$proc_rom.cc:155:do_switch$312$rdreg[0]$d [5]
  Optimizing cells in module \led_panel_4k.
Performed a total of 16 changes.

12.31.5. Executing OPT_MERGE pass (detect identical cells).
Finding identical cells in module `\led_panel_4k'.
<suppressed ~9 debug messages>
Removed a total of 3 cells.

12.31.6. Executing OPT_DFF pass (perform DFF optimizations).
Adding SRST signal on $$flatten\ctrl0.$auto$proc_rom.cc:155:do_switch$312$rdreg[0] ($dff) from module led_panel_4k (D = $memory$flatten\ctrl0.$auto$proc_rom.cc:155:do_switch$312$rdmux[0][2][0]$b$1306 [10], Q = \tmp_latch, rval = 1'0).
Adding SRST signal on $$flatten\ctrl0.$auto$proc_rom.cc:155:do_switch$312$rdreg[0] ($dff) from module led_panel_4k (D = $memory$flatten\ctrl0.$auto$proc_rom.cc:155:do_switch$312$rdmux[0][1][0]$a$1299 [0], Q = \count_index.reset, rval = 1'1).
Adding SRST signal on $$flatten\ctrl0.$auto$proc_rom.cc:155:do_switch$312$rdreg[0] ($dff) from module led_panel_4k (D = $memory$flatten\ctrl0.$auto$proc_rom.cc:155:do_switch$312$rdmux[0][0][0]$b$1297 [7], Q = \count_index.inc, rval = 1'0).
Adding SRST signal on $$flatten\ctrl0.$auto$proc_rom.cc:155:do_switch$312$rdreg[0] ($dff) from module led_panel_4k (D = { $memory$flatten\ctrl0.$auto$proc_rom.cc:155:do_switch$312$rdmux[0][0][0]$a$1296 [8] $memory$flatten\ctrl0.$auto$proc_rom.cc:155:do_switch$312$rdmux[0][0][0]$a$1296 [4] }, Q = { \ctrl0.LD \count_row.inc }, rval = 2'00).

12.31.7. Executing OPT_CLEAN pass (remove unused cells and wires).
Finding unused cells or wires in module \led_panel_4k..
Removed 0 unused cells and 23 unused wires.
<suppressed ~1 debug messages>

12.31.8. Executing OPT_EXPR pass (perform const folding).
Optimizing module led_panel_4k.

12.31.9. Rerunning OPT passes. (Maybe there is more to do..)

12.31.10. Executing OPT_MUXTREE pass (detect dead branches in mux trees).
Running muxtree optimizer on module \led_panel_4k..
  Creating internal representation of mux trees.
  Evaluating internal representation of mux trees.
  Analyzing evaluation results.
Removed 0 multiplexer ports.
<suppressed ~17 debug messages>

12.31.11. Executing OPT_REDUCE pass (consolidate $*mux and $reduce_* inputs).
  Optimizing cells in module \led_panel_4k.
    Consolidated identical input bits for $mux cell $memory$flatten\ctrl0.$auto$proc_rom.cc:155:do_switch$312$rdmux[0][2][1]$1307:
      Old ports: A={ $memory$flatten\ctrl0.$auto$proc_rom.cc:155:do_switch$312$rdmux[0][2][0]$a$1305 [8] $memory$flatten\ctrl0.$auto$proc_rom.cc:155:do_switch$312$rdmux[0][2][0]$a$1305 [3] 1'0 $memory$flatten\ctrl0.$auto$proc_rom.cc:155:do_switch$312$rdmux[0][2][0]$a$1305 [3] $memory$flatten\ctrl0.$auto$proc_rom.cc:155:do_switch$312$rdmux[0][2][0]$a$1305 [3] }, B={ 2'10 $memory$flatten\ctrl0.$auto$proc_rom.cc:155:do_switch$312$rdmux[0][2][0]$a$1305 [8] $memory$flatten\ctrl0.$auto$proc_rom.cc:155:do_switch$312$rdmux[0][2][0]$a$1305 [3] 1'1 }, Y={ $memory$flatten\ctrl0.$auto$proc_rom.cc:155:do_switch$312$rdmux[0][1][0]$b$1300 [11] $memory$flatten\ctrl0.$auto$proc_rom.cc:155:do_switch$312$rdmux[0][1][0]$b$1300 [6] $memory$flatten\ctrl0.$auto$proc_rom.cc:155:do_switch$312$rdmux[0][1][0]$b$1300 [9] $memory$flatten\ctrl0.$auto$proc_rom.cc:155:do_switch$312$rdmux[0][1][0]$b$1300 [2] $memory$flatten\ctrl0.$auto$proc_rom.cc:155:do_switch$312$rdmux[0][1][0]$b$1300 [0] }
      New ports: A={ $memory$flatten\ctrl0.$auto$proc_rom.cc:155:do_switch$312$rdmux[0][2][0]$a$1305 [8] $memory$flatten\ctrl0.$auto$proc_rom.cc:155:do_switch$312$rdmux[0][2][0]$a$1305 [3] 1'0 $memory$flatten\ctrl0.$auto$proc_rom.cc:155:do_switch$312$rdmux[0][2][0]$a$1305 [3] }, B={ 2'10 $memory$flatten\ctrl0.$auto$proc_rom.cc:155:do_switch$312$rdmux[0][2][0]$a$1305 [8] 1'1 }, Y={ $memory$flatten\ctrl0.$auto$proc_rom.cc:155:do_switch$312$rdmux[0][1][0]$b$1300 [11] $memory$flatten\ctrl0.$auto$proc_rom.cc:155:do_switch$312$rdmux[0][1][0]$b$1300 [6] $memory$flatten\ctrl0.$auto$proc_rom.cc:155:do_switch$312$rdmux[0][1][0]$b$1300 [9] $memory$flatten\ctrl0.$auto$proc_rom.cc:155:do_switch$312$rdmux[0][1][0]$b$1300 [0] }
      New connections: $memory$flatten\ctrl0.$auto$proc_rom.cc:155:do_switch$312$rdmux[0][1][0]$b$1300 [2] = $memory$flatten\ctrl0.$auto$proc_rom.cc:155:do_switch$312$rdmux[0][2][0]$a$1305 [3]
  Optimizing cells in module \led_panel_4k.
Performed a total of 1 changes.

12.31.12. Executing OPT_MERGE pass (detect identical cells).
Finding identical cells in module `\led_panel_4k'.
Removed a total of 0 cells.

12.31.13. Executing OPT_DFF pass (perform DFF optimizations).

12.31.14. Executing OPT_CLEAN pass (remove unused cells and wires).
Finding unused cells or wires in module \led_panel_4k..

12.31.15. Executing OPT_EXPR pass (perform const folding).
Optimizing module led_panel_4k.

12.31.16. Rerunning OPT passes. (Maybe there is more to do..)

12.31.17. Executing OPT_MUXTREE pass (detect dead branches in mux trees).
Running muxtree optimizer on module \led_panel_4k..
  Creating internal representation of mux trees.
  Evaluating internal representation of mux trees.
  Analyzing evaluation results.
Removed 0 multiplexer ports.
<suppressed ~17 debug messages>

12.31.18. Executing OPT_REDUCE pass (consolidate $*mux and $reduce_* inputs).
  Optimizing cells in module \led_panel_4k.
Performed a total of 0 changes.

12.31.19. Executing OPT_MERGE pass (detect identical cells).
Finding identical cells in module `\led_panel_4k'.
Removed a total of 0 cells.

12.31.20. Executing OPT_DFF pass (perform DFF optimizations).

12.31.21. Executing OPT_CLEAN pass (remove unused cells and wires).
Finding unused cells or wires in module \led_panel_4k..

12.31.22. Executing OPT_EXPR pass (perform const folding).
Optimizing module led_panel_4k.

12.31.23. Finished OPT passes. (There is nothing left to do.)

12.32. Executing TECHMAP pass (map to technology primitives).

12.32.1. Executing Verilog-2005 frontend: /opt/homebrew/bin/../share/yosys/techmap.v
Parsing Verilog input from `/opt/homebrew/bin/../share/yosys/techmap.v' to AST representation.
Generating RTLIL representation for module `\_90_simplemap_bool_ops'.
Generating RTLIL representation for module `\_90_simplemap_reduce_ops'.
Generating RTLIL representation for module `\_90_simplemap_logic_ops'.
Generating RTLIL representation for module `\_90_simplemap_compare_ops'.
Generating RTLIL representation for module `\_90_simplemap_various'.
Generating RTLIL representation for module `\_90_simplemap_registers'.
Generating RTLIL representation for module `\_90_shift_ops_shr_shl_sshl_sshr'.
Generating RTLIL representation for module `\_90_shift_shiftx'.
Generating RTLIL representation for module `\_90_fa'.
Generating RTLIL representation for module `\_90_lcu_brent_kung'.
Generating RTLIL representation for module `\_90_alu'.
Generating RTLIL representation for module `\_90_macc'.
Generating RTLIL representation for module `\_90_alumacc'.
Generating RTLIL representation for module `\$__div_mod_u'.
Generating RTLIL representation for module `\$__div_mod_trunc'.
Generating RTLIL representation for module `\_90_div'.
Generating RTLIL representation for module `\_90_mod'.
Generating RTLIL representation for module `\$__div_mod_floor'.
Generating RTLIL representation for module `\_90_divfloor'.
Generating RTLIL representation for module `\_90_modfloor'.
Generating RTLIL representation for module `\_90_pow'.
Generating RTLIL representation for module `\_90_pmux'.
Generating RTLIL representation for module `\_90_demux'.
Generating RTLIL representation for module `\_90_lut'.
Successfully finished Verilog frontend.

12.32.2. Executing Verilog-2005 frontend: /opt/homebrew/bin/../share/yosys/ecp5/arith_map.v
Parsing Verilog input from `/opt/homebrew/bin/../share/yosys/ecp5/arith_map.v' to AST representation.
Generating RTLIL representation for module `\_80_ecp5_alu'.
Successfully finished Verilog frontend.

12.32.3. Continuing TECHMAP pass.
Using extmapper simplemap for cells of type $dff.
Using extmapper simplemap for cells of type $mux.
Using template $paramod$672a140277c71df8314410f22acc08d55222c3c7\_80_ecp5_alu for cells of type $alu.
Using extmapper simplemap for cells of type $not.
Using extmapper simplemap for cells of type $eq.
Using template $paramod$2f5fb04daf2da94d981bf9455fa4454c6ec8b705\_80_ecp5_alu for cells of type $alu.
Using extmapper simplemap for cells of type $and.
Using extmapper simplemap for cells of type $sdffe.
Using extmapper simplemap for cells of type $dffe.
Using extmapper simplemap for cells of type $or.
Using extmapper simplemap for cells of type $reduce_and.
Using extmapper simplemap for cells of type $reduce_bool.
Using extmapper simplemap for cells of type $ne.
Using extmapper simplemap for cells of type $reduce_or.
Using extmapper simplemap for cells of type $sdff.
Using extmapper simplemap for cells of type $adffe.
Using template $paramod$6a42b6fefed750f8a1c58eab59479d960557103c\_80_ecp5_alu for cells of type $alu.
Using template $paramod$54d740639e1393b22262823179ff783ea9f17a35\_90_pmux for cells of type $pmux.
Using template $paramod$32efbfac1c4dc57230cf86180788fdfd12e3b511\_80_ecp5_alu for cells of type $alu.
Using template $paramod$25417eb1ceb444220a2cc387484bf7cf31b9177f\_80_ecp5_alu for cells of type $alu.
Using template $paramod$ba698a254f9a5947e85cbe7beae6b161eefc5386\_90_alu for cells of type $alu.
Using template $paramod$d7c4d0fdffdfccb5410ba78120e0f9f43deef222\_80_ecp5_alu for cells of type $alu.
Using template $paramod$8f780356cb6cdb52f6a744190131b65634639c4e\_80_ecp5_alu for cells of type $alu.
Using template $paramod$constmap:09e3af7947739b38153525a36b9e8820f6e83df5$paramod$5254b3243ce17d2c6fd849778b707dbff88144e1\_90_shift_shiftx for cells of type $shift.
Analyzing pattern of constant bits for this cell:
  Constant input on bit 0 of port A: 1'1
Creating constmapped module `$paramod$constmap:5a1d3f6442b7389fd0c902b60b6bb0cdb28d3a9e$paramod$5254b3243ce17d2c6fd849778b707dbff88144e1\_90_shift_shiftx'.

12.32.28. Executing OPT_MUXTREE pass (detect dead branches in mux trees).
Running muxtree optimizer on module $paramod$constmap:5a1d3f6442b7389fd0c902b60b6bb0cdb28d3a9e$paramod$5254b3243ce17d2c6fd849778b707dbff88144e1\_90_shift_shiftx..
  Creating internal representation of mux trees.
  Evaluating internal representation of mux trees.
  Analyzing evaluation results.
    dead port 2/2 on $mux $procmux$2405.
    dead port 2/2 on $mux $procmux$2399.
    dead port 2/2 on $mux $procmux$2393.
    dead port 2/2 on $mux $procmux$2387.
    dead port 2/2 on $mux $procmux$2381.
    dead port 2/2 on $mux $procmux$2375.
Removed 6 multiplexer ports.
<suppressed ~528 debug messages>

12.32.29. Executing OPT_EXPR pass (perform const folding).
Optimizing module $paramod$constmap:5a1d3f6442b7389fd0c902b60b6bb0cdb28d3a9e$paramod$5254b3243ce17d2c6fd849778b707dbff88144e1\_90_shift_shiftx.
<suppressed ~2 debug messages>
Removed 0 unused cells and 11 unused wires.
Using template $paramod$constmap:5a1d3f6442b7389fd0c902b60b6bb0cdb28d3a9e$paramod$5254b3243ce17d2c6fd849778b707dbff88144e1\_90_shift_shiftx for cells of type $shift.
Using template $paramod$a04dd9d4d8b430140c4ff94b50470fb380fda2a0\_80_ecp5_alu for cells of type $alu.
Using extmapper simplemap for cells of type $logic_not.
Using template $paramod$constmap:deb15a66d85c95e8c3b01637aa18cbf962e88e79$paramod$35a84c2bcaee82e2fc70141fee55c05d87ec60ff\_90_shift_shiftx for cells of type $shiftx.
Using template $paramod$526fcaf7c1410670dbd6412ad4e642f348e9c14a\_80_ecp5_alu for cells of type $alu.
Using template $paramod$3493dd6db9f7ef0f874e48902de7b0ba7cc3b4f0\_80_ecp5_alu for cells of type $alu.
Using template $paramod$175e67c02b86e96b1288b9dc100122520d7240d8\_90_alu for cells of type $alu.
Using template $paramod$c15e84c77f007506123baf6c4be45847f0e33a3b\_90_pmux for cells of type $pmux.
Using extmapper simplemap for cells of type $adff.
Using template $paramod$4d45682f6d5f8751d24fc75184ef72226da353f7\_90_pmux for cells of type $pmux.
Using extmapper simplemap for cells of type $pos.
Using extmapper simplemap for cells of type $logic_and.
Using extmapper simplemap for cells of type $logic_or.
Using extmapper simplemap for cells of type $xor.
Using template $paramod\_90_lcu_brent_kung\WIDTH=32'00000000000000000000000000000010 for cells of type $lcu.
No more expansions possible.
<suppressed ~978 debug messages>

12.33. Executing OPT pass (performing simple optimizations).

12.33.1. Executing OPT_EXPR pass (perform const folding).
Optimizing module led_panel_4k.
<suppressed ~1845 debug messages>

12.33.2. Executing OPT_MERGE pass (detect identical cells).
Finding identical cells in module `\led_panel_4k'.
<suppressed ~675 debug messages>
Removed a total of 225 cells.

12.33.3. Executing OPT_DFF pass (perform DFF optimizations).
Adding SRST signal on $auto$ff.cc:266:slice$2797 ($_DFF_P_) from module led_panel_4k (D = $memory$flatten\ctrl0.$auto$proc_rom.cc:155:do_switch$312$rdmux[0][1][0]$a$1299 [12], Q = \count_col.inc, rval = 1'0).

12.33.4. Executing OPT_CLEAN pass (remove unused cells and wires).
Finding unused cells or wires in module \led_panel_4k..
Removed 328 unused cells and 1002 unused wires.
<suppressed ~332 debug messages>

12.33.5. Rerunning OPT passes. (Removed registers in this run.)

12.33.6. Executing OPT_EXPR pass (perform const folding).
Optimizing module led_panel_4k.
<suppressed ~7 debug messages>

12.33.7. Executing OPT_MERGE pass (detect identical cells).
Finding identical cells in module `\led_panel_4k'.
<suppressed ~3 debug messages>
Removed a total of 1 cells.

12.33.8. Executing OPT_DFF pass (perform DFF optimizations).

12.33.9. Executing OPT_CLEAN pass (remove unused cells and wires).
Finding unused cells or wires in module \led_panel_4k..
Removed 0 unused cells and 1 unused wires.
<suppressed ~1 debug messages>

12.33.10. Finished fast OPT passes.

12.34. Executing OPT_CLEAN pass (remove unused cells and wires).
Finding unused cells or wires in module \led_panel_4k..

12.35. Executing DFFLEGALIZE pass (convert FFs to types supported by the target).

12.36. Executing TECHMAP pass (map to technology primitives).

12.36.1. Executing Verilog-2005 frontend: /opt/homebrew/bin/../share/yosys/ecp5/cells_map.v
Parsing Verilog input from `/opt/homebrew/bin/../share/yosys/ecp5/cells_map.v' to AST representation.
Generating RTLIL representation for module `\$_DFF_N_'.
Generating RTLIL representation for module `\$_DFF_P_'.
Generating RTLIL representation for module `\$_DFFE_NN_'.
Generating RTLIL representation for module `\$_DFFE_PN_'.
Generating RTLIL representation for module `\$_DFFE_NP_'.
Generating RTLIL representation for module `\$_DFFE_PP_'.
Generating RTLIL representation for module `\$_DFF_NP0_'.
Generating RTLIL representation for module `\$_DFF_NP1_'.
Generating RTLIL representation for module `\$_DFF_PP0_'.
Generating RTLIL representation for module `\$_DFF_PP1_'.
Generating RTLIL representation for module `\$_SDFF_NP0_'.
Generating RTLIL representation for module `\$_SDFF_NP1_'.
Generating RTLIL representation for module `\$_SDFF_PP0_'.
Generating RTLIL representation for module `\$_SDFF_PP1_'.
Generating RTLIL representation for module `\$_DFFE_NP0P_'.
Generating RTLIL representation for module `\$_DFFE_NP1P_'.
Generating RTLIL representation for module `\$_DFFE_PP0P_'.
Generating RTLIL representation for module `\$_DFFE_PP1P_'.
Generating RTLIL representation for module `\$_DFFE_NP0N_'.
Generating RTLIL representation for module `\$_DFFE_NP1N_'.
Generating RTLIL representation for module `\$_DFFE_PP0N_'.
Generating RTLIL representation for module `\$_DFFE_PP1N_'.
Generating RTLIL representation for module `\$_SDFFE_NP0P_'.
Generating RTLIL representation for module `\$_SDFFE_NP1P_'.
Generating RTLIL representation for module `\$_SDFFE_PP0P_'.
Generating RTLIL representation for module `\$_SDFFE_PP1P_'.
Generating RTLIL representation for module `\$_SDFFE_NP0N_'.
Generating RTLIL representation for module `\$_SDFFE_NP1N_'.
Generating RTLIL representation for module `\$_SDFFE_PP0N_'.
Generating RTLIL representation for module `\$_SDFFE_PP1N_'.
Generating RTLIL representation for module `\$_ALDFF_NP_'.
Generating RTLIL representation for module `\$_ALDFF_PP_'.
Generating RTLIL representation for module `\$_ALDFFE_NPN_'.
Generating RTLIL representation for module `\$_ALDFFE_NPP_'.
Generating RTLIL representation for module `\$_ALDFFE_PPN_'.
Generating RTLIL representation for module `\$_ALDFFE_PPP_'.
Generating RTLIL representation for module `\FD1P3AX'.
Generating RTLIL representation for module `\FD1P3AY'.
Generating RTLIL representation for module `\FD1P3BX'.
Generating RTLIL representation for module `\FD1P3DX'.
Generating RTLIL representation for module `\FD1P3IX'.
Generating RTLIL representation for module `\FD1P3JX'.
Generating RTLIL representation for module `\FD1S3AX'.
Generating RTLIL representation for module `\FD1S3AY'.
Generating RTLIL representation for module `\FD1S3BX'.
Generating RTLIL representation for module `\FD1S3DX'.
Generating RTLIL representation for module `\FD1S3IX'.
Generating RTLIL representation for module `\FD1S3JX'.
Generating RTLIL representation for module `\IFS1P3BX'.
Generating RTLIL representation for module `\IFS1P3DX'.
Generating RTLIL representation for module `\IFS1P3IX'.
Generating RTLIL representation for module `\IFS1P3JX'.
Generating RTLIL representation for module `\OFS1P3BX'.
Generating RTLIL representation for module `\OFS1P3DX'.
Generating RTLIL representation for module `\OFS1P3IX'.
Generating RTLIL representation for module `\OFS1P3JX'.
Generating RTLIL representation for module `\IB'.
Generating RTLIL representation for module `\IBPU'.
Generating RTLIL representation for module `\IBPD'.
Generating RTLIL representation for module `\OB'.
Generating RTLIL representation for module `\OBZ'.
Generating RTLIL representation for module `\OBZPU'.
Generating RTLIL representation for module `\OBZPD'.
Generating RTLIL representation for module `\OBCO'.
Generating RTLIL representation for module `\BB'.
Generating RTLIL representation for module `\BBPU'.
Generating RTLIL representation for module `\BBPD'.
Generating RTLIL representation for module `\ILVDS'.
Generating RTLIL representation for module `\OLVDS'.
Successfully finished Verilog frontend.

12.36.2. Continuing TECHMAP pass.
Using template \$_DFFE_PP0P_ for cells of type $_DFFE_PP0P_.
Using template $paramod\$_DFF_P_\_TECHMAP_WIREINIT_Q_=1'x for cells of type $_DFF_P_.
Using template $paramod\$_DFFE_PP_\_TECHMAP_WIREINIT_Q_=1'x for cells of type $_DFFE_PP_.
Using template \$_SDFFE_PP0N_ for cells of type $_SDFFE_PP0N_.
Using template $paramod\$_DFF_P_\_TECHMAP_WIREINIT_Q_=1'0 for cells of type $_DFF_P_.
Using template $paramod\$_DFFE_PN_\_TECHMAP_WIREINIT_Q_=1'0 for cells of type $_DFFE_PN_.
Using template \$_SDFF_PP0_ for cells of type $_SDFF_PP0_.
Using template \$_DFFE_PP1P_ for cells of type $_DFFE_PP1P_.
Using template \$_SDFF_PP1_ for cells of type $_SDFF_PP1_.
Using template \$_SDFFE_NP0P_ for cells of type $_SDFFE_NP0P_.
Using template \$_DFF_PP1_ for cells of type $_DFF_PP1_.
Using template \$_SDFFE_NP1P_ for cells of type $_SDFFE_NP1P_.
Using template \$_DFF_PP0_ for cells of type $_DFF_PP0_.
No more expansions possible.
<suppressed ~346 debug messages>

12.37. Executing OPT_EXPR pass (perform const folding).
Optimizing module led_panel_4k.
<suppressed ~1 debug messages>

12.38. Executing SIMPLEMAP pass (map simple cells to gate primitives).

12.39. Executing LATTICE_GSR pass (implement FF init values).
Handling GSR in led_panel_4k.

12.40. Executing ATTRMVCP pass (move or copy attributes).

12.41. Executing OPT_CLEAN pass (remove unused cells and wires).
Finding unused cells or wires in module \led_panel_4k..
Removed 0 unused cells and 1183 unused wires.
<suppressed ~1 debug messages>

12.42. Executing TECHMAP pass (map to technology primitives).

12.42.1. Executing Verilog-2005 frontend: /opt/homebrew/bin/../share/yosys/ecp5/latches_map.v
Parsing Verilog input from `/opt/homebrew/bin/../share/yosys/ecp5/latches_map.v' to AST representation.
Generating RTLIL representation for module `\$_DLATCH_N_'.
Generating RTLIL representation for module `\$_DLATCH_P_'.
Successfully finished Verilog frontend.

12.42.2. Continuing TECHMAP pass.
No more expansions possible.
<suppressed ~4 debug messages>

12.43. Executing ABC9 pass.

12.43.1. Executing ABC9_OPS pass (helper functions for ABC9).

12.43.2. Executing ABC9_OPS pass (helper functions for ABC9).

12.43.3. Executing PROC pass (convert processes to netlists).

12.43.3.1. Executing PROC_CLEAN pass (remove empty switches from decision trees).
Cleaned up 0 empty switches.

12.43.3.2. Executing PROC_RMDEAD pass (remove dead branches from decision trees).
Marked 1 switch rules as full_case in process $proc$/opt/homebrew/bin/../share/yosys/ecp5/cells_sim.v:344$6574 in module $paramod$37e41664cab9052a9b41c89036e0524f666a0fee\TRELLIS_FF.
Removed a total of 0 dead cases.

12.43.3.3. Executing PROC_PRUNE pass (remove redundant assignments in processes).
Removed 0 redundant assignments.
Promoted 1 assignment to connection.

12.43.3.4. Executing PROC_INIT pass (extract init attributes).
Found init rule in `$paramod$37e41664cab9052a9b41c89036e0524f666a0fee\TRELLIS_FF.$proc$/opt/homebrew/bin/../share/yosys/ecp5/cells_sim.v:0$6575'.
  Set init value: \Q = 1'0

12.43.3.5. Executing PROC_ARST pass (detect async resets in processes).
Found async reset \muxlsr in `$paramod$37e41664cab9052a9b41c89036e0524f666a0fee\TRELLIS_FF.$proc$/opt/homebrew/bin/../share/yosys/ecp5/cells_sim.v:344$6574'.

12.43.3.6. Executing PROC_ROM pass (convert switches to ROMs).
Converted 0 switches.
<suppressed ~1 debug messages>

12.43.3.7. Executing PROC_MUX pass (convert decision trees to multiplexers).
Creating decoders for process `$paramod$37e41664cab9052a9b41c89036e0524f666a0fee\TRELLIS_FF.$proc$/opt/homebrew/bin/../share/yosys/ecp5/cells_sim.v:0$6575'.
Creating decoders for process `$paramod$37e41664cab9052a9b41c89036e0524f666a0fee\TRELLIS_FF.$proc$/opt/homebrew/bin/../share/yosys/ecp5/cells_sim.v:344$6574'.
     1/1: $0\Q[0:0]

12.43.3.8. Executing PROC_DLATCH pass (convert process syncs to latches).

12.43.3.9. Executing PROC_DFF pass (convert process syncs to FFs).
Creating register for signal `$paramod$37e41664cab9052a9b41c89036e0524f666a0fee\TRELLIS_FF.\Q' using process `$paramod$37e41664cab9052a9b41c89036e0524f666a0fee\TRELLIS_FF.$proc$/opt/homebrew/bin/../share/yosys/ecp5/cells_sim.v:344$6574'.
  created $adff cell `$procdff$6580' with positive edge clock and positive level reset.

12.43.3.10. Executing PROC_MEMWR pass (convert process memory writes to cells).

12.43.3.11. Executing PROC_CLEAN pass (remove empty switches from decision trees).
Removing empty process `$paramod$37e41664cab9052a9b41c89036e0524f666a0fee\TRELLIS_FF.$proc$/opt/homebrew/bin/../share/yosys/ecp5/cells_sim.v:0$6575'.
Found and cleaned up 1 empty switch in `$paramod$37e41664cab9052a9b41c89036e0524f666a0fee\TRELLIS_FF.$proc$/opt/homebrew/bin/../share/yosys/ecp5/cells_sim.v:344$6574'.
Removing empty process `$paramod$37e41664cab9052a9b41c89036e0524f666a0fee\TRELLIS_FF.$proc$/opt/homebrew/bin/../share/yosys/ecp5/cells_sim.v:344$6574'.
Cleaned up 1 empty switch.

12.43.4. Executing PROC pass (convert processes to netlists).

12.43.4.1. Executing PROC_CLEAN pass (remove empty switches from decision trees).
Cleaned up 0 empty switches.

12.43.4.2. Executing PROC_RMDEAD pass (remove dead branches from decision trees).
Marked 1 switch rules as full_case in process $proc$/opt/homebrew/bin/../share/yosys/ecp5/cells_sim.v:344$6588 in module $paramod$b50ed6cf3f2b5c0e07657602cb4455d90f2562f9\TRELLIS_FF.
Removed a total of 0 dead cases.

12.43.4.3. Executing PROC_PRUNE pass (remove redundant assignments in processes).
Removed 0 redundant assignments.
Promoted 1 assignment to connection.

12.43.4.4. Executing PROC_INIT pass (extract init attributes).
Found init rule in `$paramod$b50ed6cf3f2b5c0e07657602cb4455d90f2562f9\TRELLIS_FF.$proc$/opt/homebrew/bin/../share/yosys/ecp5/cells_sim.v:0$6589'.
  Set init value: \Q = 1'1

12.43.4.5. Executing PROC_ARST pass (detect async resets in processes).
Found async reset \muxlsr in `$paramod$b50ed6cf3f2b5c0e07657602cb4455d90f2562f9\TRELLIS_FF.$proc$/opt/homebrew/bin/../share/yosys/ecp5/cells_sim.v:344$6588'.

12.43.4.6. Executing PROC_ROM pass (convert switches to ROMs).
Converted 0 switches.
<suppressed ~1 debug messages>

12.43.4.7. Executing PROC_MUX pass (convert decision trees to multiplexers).
Creating decoders for process `$paramod$b50ed6cf3f2b5c0e07657602cb4455d90f2562f9\TRELLIS_FF.$proc$/opt/homebrew/bin/../share/yosys/ecp5/cells_sim.v:0$6589'.
Creating decoders for process `$paramod$b50ed6cf3f2b5c0e07657602cb4455d90f2562f9\TRELLIS_FF.$proc$/opt/homebrew/bin/../share/yosys/ecp5/cells_sim.v:344$6588'.
     1/1: $0\Q[0:0]

12.43.4.8. Executing PROC_DLATCH pass (convert process syncs to latches).

12.43.4.9. Executing PROC_DFF pass (convert process syncs to FFs).
Creating register for signal `$paramod$b50ed6cf3f2b5c0e07657602cb4455d90f2562f9\TRELLIS_FF.\Q' using process `$paramod$b50ed6cf3f2b5c0e07657602cb4455d90f2562f9\TRELLIS_FF.$proc$/opt/homebrew/bin/../share/yosys/ecp5/cells_sim.v:344$6588'.
  created $adff cell `$procdff$6594' with positive edge clock and positive level reset.

12.43.4.10. Executing PROC_MEMWR pass (convert process memory writes to cells).

12.43.4.11. Executing PROC_CLEAN pass (remove empty switches from decision trees).
Removing empty process `$paramod$b50ed6cf3f2b5c0e07657602cb4455d90f2562f9\TRELLIS_FF.$proc$/opt/homebrew/bin/../share/yosys/ecp5/cells_sim.v:0$6589'.
Found and cleaned up 1 empty switch in `$paramod$b50ed6cf3f2b5c0e07657602cb4455d90f2562f9\TRELLIS_FF.$proc$/opt/homebrew/bin/../share/yosys/ecp5/cells_sim.v:344$6588'.
Removing empty process `$paramod$b50ed6cf3f2b5c0e07657602cb4455d90f2562f9\TRELLIS_FF.$proc$/opt/homebrew/bin/../share/yosys/ecp5/cells_sim.v:344$6588'.
Cleaned up 1 empty switch.

12.43.5. Executing PROC pass (convert processes to netlists).

12.43.5.1. Executing PROC_CLEAN pass (remove empty switches from decision trees).
Cleaned up 0 empty switches.

12.43.5.2. Executing PROC_RMDEAD pass (remove dead branches from decision trees).
Marked 1 switch rules as full_case in process $proc$/opt/homebrew/bin/../share/yosys/ecp5/cells_sim.v:344$6621 in module $paramod$af6cfab7b64a03625b4e26db341709ec2a848ad1\TRELLIS_FF.
Removed a total of 0 dead cases.

12.43.5.3. Executing PROC_PRUNE pass (remove redundant assignments in processes).
Removed 0 redundant assignments.
Promoted 1 assignment to connection.

12.43.5.4. Executing PROC_INIT pass (extract init attributes).
Found init rule in `$paramod$af6cfab7b64a03625b4e26db341709ec2a848ad1\TRELLIS_FF.$proc$/opt/homebrew/bin/../share/yosys/ecp5/cells_sim.v:0$6622'.
  Set init value: \Q = 1'1

12.43.5.5. Executing PROC_ARST pass (detect async resets in processes).
Found async reset \muxlsr in `$paramod$af6cfab7b64a03625b4e26db341709ec2a848ad1\TRELLIS_FF.$proc$/opt/homebrew/bin/../share/yosys/ecp5/cells_sim.v:344$6621'.

12.43.5.6. Executing PROC_ROM pass (convert switches to ROMs).
Converted 0 switches.
<suppressed ~1 debug messages>

12.43.5.7. Executing PROC_MUX pass (convert decision trees to multiplexers).
Creating decoders for process `$paramod$af6cfab7b64a03625b4e26db341709ec2a848ad1\TRELLIS_FF.$proc$/opt/homebrew/bin/../share/yosys/ecp5/cells_sim.v:0$6622'.
Creating decoders for process `$paramod$af6cfab7b64a03625b4e26db341709ec2a848ad1\TRELLIS_FF.$proc$/opt/homebrew/bin/../share/yosys/ecp5/cells_sim.v:344$6621'.
     1/1: $0\Q[0:0]

12.43.5.8. Executing PROC_DLATCH pass (convert process syncs to latches).

12.43.5.9. Executing PROC_DFF pass (convert process syncs to FFs).
Creating register for signal `$paramod$af6cfab7b64a03625b4e26db341709ec2a848ad1\TRELLIS_FF.\Q' using process `$paramod$af6cfab7b64a03625b4e26db341709ec2a848ad1\TRELLIS_FF.$proc$/opt/homebrew/bin/../share/yosys/ecp5/cells_sim.v:344$6621'.
  created $adff cell `$procdff$6627' with positive edge clock and positive level reset.

12.43.5.10. Executing PROC_MEMWR pass (convert process memory writes to cells).

12.43.5.11. Executing PROC_CLEAN pass (remove empty switches from decision trees).
Removing empty process `$paramod$af6cfab7b64a03625b4e26db341709ec2a848ad1\TRELLIS_FF.$proc$/opt/homebrew/bin/../share/yosys/ecp5/cells_sim.v:0$6622'.
Found and cleaned up 1 empty switch in `$paramod$af6cfab7b64a03625b4e26db341709ec2a848ad1\TRELLIS_FF.$proc$/opt/homebrew/bin/../share/yosys/ecp5/cells_sim.v:344$6621'.
Removing empty process `$paramod$af6cfab7b64a03625b4e26db341709ec2a848ad1\TRELLIS_FF.$proc$/opt/homebrew/bin/../share/yosys/ecp5/cells_sim.v:344$6621'.
Cleaned up 1 empty switch.

12.43.6. Executing PROC pass (convert processes to netlists).

12.43.6.1. Executing PROC_CLEAN pass (remove empty switches from decision trees).
Cleaned up 0 empty switches.

12.43.6.2. Executing PROC_RMDEAD pass (remove dead branches from decision trees).
Marked 1 switch rules as full_case in process $proc$/opt/homebrew/bin/../share/yosys/ecp5/cells_sim.v:344$6635 in module $paramod$68581f66a8fa831820fa7633bd24ba569ae9d7e3\TRELLIS_FF.
Removed a total of 0 dead cases.

12.43.6.3. Executing PROC_PRUNE pass (remove redundant assignments in processes).
Removed 0 redundant assignments.
Promoted 1 assignment to connection.

12.43.6.4. Executing PROC_INIT pass (extract init attributes).
Found init rule in `$paramod$68581f66a8fa831820fa7633bd24ba569ae9d7e3\TRELLIS_FF.$proc$/opt/homebrew/bin/../share/yosys/ecp5/cells_sim.v:0$6636'.
  Set init value: \Q = 1'0

12.43.6.5. Executing PROC_ARST pass (detect async resets in processes).
Found async reset \muxlsr in `$paramod$68581f66a8fa831820fa7633bd24ba569ae9d7e3\TRELLIS_FF.$proc$/opt/homebrew/bin/../share/yosys/ecp5/cells_sim.v:344$6635'.

12.43.6.6. Executing PROC_ROM pass (convert switches to ROMs).
Converted 0 switches.
<suppressed ~1 debug messages>

12.43.6.7. Executing PROC_MUX pass (convert decision trees to multiplexers).
Creating decoders for process `$paramod$68581f66a8fa831820fa7633bd24ba569ae9d7e3\TRELLIS_FF.$proc$/opt/homebrew/bin/../share/yosys/ecp5/cells_sim.v:0$6636'.
Creating decoders for process `$paramod$68581f66a8fa831820fa7633bd24ba569ae9d7e3\TRELLIS_FF.$proc$/opt/homebrew/bin/../share/yosys/ecp5/cells_sim.v:344$6635'.
     1/1: $0\Q[0:0]

12.43.6.8. Executing PROC_DLATCH pass (convert process syncs to latches).

12.43.6.9. Executing PROC_DFF pass (convert process syncs to FFs).
Creating register for signal `$paramod$68581f66a8fa831820fa7633bd24ba569ae9d7e3\TRELLIS_FF.\Q' using process `$paramod$68581f66a8fa831820fa7633bd24ba569ae9d7e3\TRELLIS_FF.$proc$/opt/homebrew/bin/../share/yosys/ecp5/cells_sim.v:344$6635'.
  created $adff cell `$procdff$6641' with positive edge clock and positive level reset.

12.43.6.10. Executing PROC_MEMWR pass (convert process memory writes to cells).

12.43.6.11. Executing PROC_CLEAN pass (remove empty switches from decision trees).
Removing empty process `$paramod$68581f66a8fa831820fa7633bd24ba569ae9d7e3\TRELLIS_FF.$proc$/opt/homebrew/bin/../share/yosys/ecp5/cells_sim.v:0$6636'.
Found and cleaned up 1 empty switch in `$paramod$68581f66a8fa831820fa7633bd24ba569ae9d7e3\TRELLIS_FF.$proc$/opt/homebrew/bin/../share/yosys/ecp5/cells_sim.v:344$6635'.
Removing empty process `$paramod$68581f66a8fa831820fa7633bd24ba569ae9d7e3\TRELLIS_FF.$proc$/opt/homebrew/bin/../share/yosys/ecp5/cells_sim.v:344$6635'.
Cleaned up 1 empty switch.

12.43.7. Executing SCC pass (detecting logic loops).
Found an SCC: $auto$ff.cc:266:slice$2843 $auto$dfflegalize.cc:941:flip_pol$6240 $auto$simplemap.cc:134:simplemap_reduce$5781 $auto$simplemap.cc:83:simplemap_bitop$5825 $auto$simplemap.cc:204:simplemap_lognot$2846 $auto$simplemap.cc:175:logic_reduce$2845 $auto$ff.cc:266:slice$2842 $auto$dfflegalize.cc:941:flip_pol$6238 $auto$ff.cc:266:slice$1806 $auto$simplemap.cc:134:simplemap_reduce$2486 $auto$simplemap.cc:275:simplemap_mux$2417 $auto$simplemap.cc:275:simplemap_mux$5837 $auto$simplemap.cc:134:simplemap_reduce$5772
Found an SCC: $auto$simplemap.cc:83:simplemap_bitop$2868 $auto$ff.cc:266:slice$3022 $auto$simplemap.cc:134:simplemap_reduce$2880 $auto$simplemap.cc:83:simplemap_bitop$2869 $auto$ff.cc:266:slice$3023 $auto$ff.cc:266:slice$3026 $auto$simplemap.cc:83:simplemap_bitop$2870 $auto$ff.cc:266:slice$3024 $auto$simplemap.cc:83:simplemap_bitop$2873 $auto$ff.cc:266:slice$3027 $auto$simplemap.cc:134:simplemap_reduce$2885 $auto$simplemap.cc:134:simplemap_reduce$2881 $auto$simplemap.cc:83:simplemap_bitop$2871 $auto$ff.cc:266:slice$3025 $auto$simplemap.cc:83:simplemap_bitop$2866 $auto$ff.cc:266:slice$3020 $auto$simplemap.cc:134:simplemap_reduce$2879 $auto$simplemap.cc:83:simplemap_bitop$2867 $auto$ff.cc:266:slice$3021 $auto$simplemap.cc:83:simplemap_bitop$2874 $auto$ff.cc:266:slice$3028 $auto$simplemap.cc:134:simplemap_reduce$2888 $auto$simplemap.cc:134:simplemap_reduce$2884 $auto$simplemap.cc:134:simplemap_reduce$2878 $auto$simplemap.cc:83:simplemap_bitop$2865 $auto$ff.cc:266:slice$3019 $auto$ff.cc:266:slice$2753 $auto$simplemap.cc:275:simplemap_mux$2418 $auto$simplemap.cc:275:simplemap_mux$5838 $auto$simplemap.cc:134:simplemap_reduce$5760 $auto$simplemap.cc:83:simplemap_bitop$5818 $auto$simplemap.cc:204:simplemap_lognot$2892 $auto$simplemap.cc:134:simplemap_reduce$2890 $auto$simplemap.cc:134:simplemap_reduce$2886 $auto$simplemap.cc:134:simplemap_reduce$2882 $auto$simplemap.cc:83:simplemap_bitop$2872
Found an SCC: $auto$simplemap.cc:38:simplemap_not$3224 $auto$ff.cc:266:slice$1657 $auto$ff.cc:266:slice$1661 $auto$ff.cc:266:slice$1660 $auto$simplemap.cc:134:simplemap_reduce$1505 $auto$ff.cc:266:slice$1659 $auto$simplemap.cc:204:simplemap_lognot$1511 $auto$simplemap.cc:134:simplemap_reduce$1509 $auto$simplemap.cc:134:simplemap_reduce$1507 $auto$simplemap.cc:134:simplemap_reduce$1504 $auto$ff.cc:266:slice$1658 $auto$simplemap.cc:134:simplemap_reduce$1623
Found 3 SCCs in module led_panel_4k.
Found 3 SCCs.

12.43.8. Executing ABC9_OPS pass (helper functions for ABC9).

12.43.9. Executing TECHMAP pass (map to technology primitives).

12.43.9.1. Executing Verilog-2005 frontend: /opt/homebrew/bin/../share/yosys/techmap.v
Parsing Verilog input from `/opt/homebrew/bin/../share/yosys/techmap.v' to AST representation.
Generating RTLIL representation for module `\_90_simplemap_bool_ops'.
Generating RTLIL representation for module `\_90_simplemap_reduce_ops'.
Generating RTLIL representation for module `\_90_simplemap_logic_ops'.
Generating RTLIL representation for module `\_90_simplemap_compare_ops'.
Generating RTLIL representation for module `\_90_simplemap_various'.
Generating RTLIL representation for module `\_90_simplemap_registers'.
Generating RTLIL representation for module `\_90_shift_ops_shr_shl_sshl_sshr'.
Generating RTLIL representation for module `\_90_shift_shiftx'.
Generating RTLIL representation for module `\_90_fa'.
Generating RTLIL representation for module `\_90_lcu_brent_kung'.
Generating RTLIL representation for module `\_90_alu'.
Generating RTLIL representation for module `\_90_macc'.
Generating RTLIL representation for module `\_90_alumacc'.
Generating RTLIL representation for module `\$__div_mod_u'.
Generating RTLIL representation for module `\$__div_mod_trunc'.
Generating RTLIL representation for module `\_90_div'.
Generating RTLIL representation for module `\_90_mod'.
Generating RTLIL representation for module `\$__div_mod_floor'.
Generating RTLIL representation for module `\_90_divfloor'.
Generating RTLIL representation for module `\_90_modfloor'.
Generating RTLIL representation for module `\_90_pow'.
Generating RTLIL representation for module `\_90_pmux'.
Generating RTLIL representation for module `\_90_demux'.
Generating RTLIL representation for module `\_90_lut'.
Successfully finished Verilog frontend.

12.43.9.2. Continuing TECHMAP pass.
No more expansions possible.
<suppressed ~170 debug messages>

12.43.10. Executing OPT pass (performing simple optimizations).

12.43.10.1. Executing OPT_EXPR pass (perform const folding).
Optimizing module $paramod$37e41664cab9052a9b41c89036e0524f666a0fee\TRELLIS_FF.
Optimizing module $paramod$b50ed6cf3f2b5c0e07657602cb4455d90f2562f9\TRELLIS_FF.
Optimizing module $paramod$af6cfab7b64a03625b4e26db341709ec2a848ad1\TRELLIS_FF.
Optimizing module $paramod$68581f66a8fa831820fa7633bd24ba569ae9d7e3\TRELLIS_FF.

12.43.10.2. Executing OPT_MERGE pass (detect identical cells).
Finding identical cells in module `$paramod$37e41664cab9052a9b41c89036e0524f666a0fee\TRELLIS_FF'.
Finding identical cells in module `$paramod$b50ed6cf3f2b5c0e07657602cb4455d90f2562f9\TRELLIS_FF'.
Finding identical cells in module `$paramod$af6cfab7b64a03625b4e26db341709ec2a848ad1\TRELLIS_FF'.
Finding identical cells in module `$paramod$68581f66a8fa831820fa7633bd24ba569ae9d7e3\TRELLIS_FF'.
Removed a total of 0 cells.

12.43.10.3. Executing OPT_MUXTREE pass (detect dead branches in mux trees).
Running muxtree optimizer on module $paramod$37e41664cab9052a9b41c89036e0524f666a0fee\TRELLIS_FF..
  Creating internal representation of mux trees.
  No muxes found in this module.
Running muxtree optimizer on module $paramod$b50ed6cf3f2b5c0e07657602cb4455d90f2562f9\TRELLIS_FF..
  Creating internal representation of mux trees.
  No muxes found in this module.
Running muxtree optimizer on module $paramod$af6cfab7b64a03625b4e26db341709ec2a848ad1\TRELLIS_FF..
  Creating internal representation of mux trees.
  No muxes found in this module.
Running muxtree optimizer on module $paramod$68581f66a8fa831820fa7633bd24ba569ae9d7e3\TRELLIS_FF..
  Creating internal representation of mux trees.
  No muxes found in this module.
Removed 0 multiplexer ports.

12.43.10.4. Executing OPT_REDUCE pass (consolidate $*mux and $reduce_* inputs).
  Optimizing cells in module $paramod$37e41664cab9052a9b41c89036e0524f666a0fee\TRELLIS_FF.
  Optimizing cells in module $paramod$b50ed6cf3f2b5c0e07657602cb4455d90f2562f9\TRELLIS_FF.
  Optimizing cells in module $paramod$af6cfab7b64a03625b4e26db341709ec2a848ad1\TRELLIS_FF.
  Optimizing cells in module $paramod$68581f66a8fa831820fa7633bd24ba569ae9d7e3\TRELLIS_FF.
Performed a total of 0 changes.

12.43.10.5. Executing OPT_MERGE pass (detect identical cells).
Finding identical cells in module `$paramod$37e41664cab9052a9b41c89036e0524f666a0fee\TRELLIS_FF'.
Finding identical cells in module `$paramod$b50ed6cf3f2b5c0e07657602cb4455d90f2562f9\TRELLIS_FF'.
Finding identical cells in module `$paramod$af6cfab7b64a03625b4e26db341709ec2a848ad1\TRELLIS_FF'.
Finding identical cells in module `$paramod$68581f66a8fa831820fa7633bd24ba569ae9d7e3\TRELLIS_FF'.
Removed a total of 0 cells.

12.43.10.6. Executing OPT_DFF pass (perform DFF optimizations).

12.43.10.7. Executing OPT_CLEAN pass (remove unused cells and wires).
Finding unused cells or wires in module $paramod$37e41664cab9052a9b41c89036e0524f666a0fee\TRELLIS_FF..
Finding unused cells or wires in module $paramod$b50ed6cf3f2b5c0e07657602cb4455d90f2562f9\TRELLIS_FF..
Finding unused cells or wires in module $paramod$af6cfab7b64a03625b4e26db341709ec2a848ad1\TRELLIS_FF..
Finding unused cells or wires in module $paramod$68581f66a8fa831820fa7633bd24ba569ae9d7e3\TRELLIS_FF..

12.43.10.8. Executing OPT_EXPR pass (perform const folding).
Optimizing module $paramod$37e41664cab9052a9b41c89036e0524f666a0fee\TRELLIS_FF.
Optimizing module $paramod$68581f66a8fa831820fa7633bd24ba569ae9d7e3\TRELLIS_FF.
Optimizing module $paramod$af6cfab7b64a03625b4e26db341709ec2a848ad1\TRELLIS_FF.
Optimizing module $paramod$b50ed6cf3f2b5c0e07657602cb4455d90f2562f9\TRELLIS_FF.

12.43.10.9. Finished OPT passes. (There is nothing left to do.)

12.43.11. Executing TECHMAP pass (map to technology primitives).

12.43.11.1. Executing Verilog-2005 frontend: /opt/homebrew/bin/../share/yosys/abc9_map.v
Parsing Verilog input from `/opt/homebrew/bin/../share/yosys/abc9_map.v' to AST representation.
Successfully finished Verilog frontend.

12.43.11.2. Continuing TECHMAP pass.
Using template $paramod$37e41664cab9052a9b41c89036e0524f666a0fee\TRELLIS_FF for cells of type $paramod$37e41664cab9052a9b41c89036e0524f666a0fee\TRELLIS_FF.
Using template $paramod$68581f66a8fa831820fa7633bd24ba569ae9d7e3\TRELLIS_FF for cells of type $paramod$68581f66a8fa831820fa7633bd24ba569ae9d7e3\TRELLIS_FF.
Using template $paramod$b50ed6cf3f2b5c0e07657602cb4455d90f2562f9\TRELLIS_FF for cells of type $paramod$b50ed6cf3f2b5c0e07657602cb4455d90f2562f9\TRELLIS_FF.
Using template $paramod$af6cfab7b64a03625b4e26db341709ec2a848ad1\TRELLIS_FF for cells of type $paramod$af6cfab7b64a03625b4e26db341709ec2a848ad1\TRELLIS_FF.
No more expansions possible.
<suppressed ~71 debug messages>

12.43.12. Executing Verilog-2005 frontend: /opt/homebrew/bin/../share/yosys/abc9_model.v
Parsing Verilog input from `/opt/homebrew/bin/../share/yosys/abc9_model.v' to AST representation.
Generating RTLIL representation for module `$__ABC9_DELAY'.
Generating RTLIL representation for module `$__ABC9_SCC_BREAKER'.
Generating RTLIL representation for module `$__DFF_N__$abc9_flop'.
Generating RTLIL representation for module `$__DFF_P__$abc9_flop'.
Successfully finished Verilog frontend.

12.43.13. Executing ABC9_OPS pass (helper functions for ABC9).
<suppressed ~2 debug messages>

12.43.14. Executing ABC9_OPS pass (helper functions for ABC9).

12.43.15. Executing ABC9_OPS pass (helper functions for ABC9).
<suppressed ~2 debug messages>

12.43.16. Executing TECHMAP pass (map to technology primitives).

12.43.16.1. Executing Verilog-2005 frontend: /opt/homebrew/bin/../share/yosys/techmap.v
Parsing Verilog input from `/opt/homebrew/bin/../share/yosys/techmap.v' to AST representation.
Generating RTLIL representation for module `\_90_simplemap_bool_ops'.
Generating RTLIL representation for module `\_90_simplemap_reduce_ops'.
Generating RTLIL representation for module `\_90_simplemap_logic_ops'.
Generating RTLIL representation for module `\_90_simplemap_compare_ops'.
Generating RTLIL representation for module `\_90_simplemap_various'.
Generating RTLIL representation for module `\_90_simplemap_registers'.
Generating RTLIL representation for module `\_90_shift_ops_shr_shl_sshl_sshr'.
Generating RTLIL representation for module `\_90_shift_shiftx'.
Generating RTLIL representation for module `\_90_fa'.
Generating RTLIL representation for module `\_90_lcu_brent_kung'.
Generating RTLIL representation for module `\_90_alu'.
Generating RTLIL representation for module `\_90_macc'.
Generating RTLIL representation for module `\_90_alumacc'.
Generating RTLIL representation for module `\$__div_mod_u'.
Generating RTLIL representation for module `\$__div_mod_trunc'.
Generating RTLIL representation for module `\_90_div'.
Generating RTLIL representation for module `\_90_mod'.
Generating RTLIL representation for module `\$__div_mod_floor'.
Generating RTLIL representation for module `\_90_divfloor'.
Generating RTLIL representation for module `\_90_modfloor'.
Generating RTLIL representation for module `\_90_pow'.
Generating RTLIL representation for module `\_90_pmux'.
Generating RTLIL representation for module `\_90_demux'.
Generating RTLIL representation for module `\_90_lut'.
Successfully finished Verilog frontend.

12.43.16.2. Continuing TECHMAP pass.
Using template $paramod$838872d5a4bab89607f53482b205c0fd50d8b82e\CCU2C for cells of type $paramod$838872d5a4bab89607f53482b205c0fd50d8b82e\CCU2C.
Using extmapper simplemap for cells of type $not.
Using extmapper simplemap for cells of type $or.
Using template $paramod\LUT4\INIT=16'1001011010101010 for cells of type LUT4.
Using extmapper simplemap for cells of type $xor.
Using template $paramod\LUT2\INIT=4'1010 for cells of type LUT2.
Using extmapper simplemap for cells of type $and.
Using extmapper simplemap for cells of type $mux.
No more expansions possible.
<suppressed ~209 debug messages>

12.43.17. Executing OPT pass (performing simple optimizations).

12.43.17.1. Executing OPT_EXPR pass (perform const folding).
Optimizing module led_panel_4k.
<suppressed ~18 debug messages>

12.43.17.2. Executing OPT_MERGE pass (detect identical cells).
Finding identical cells in module `\led_panel_4k'.
<suppressed ~6 debug messages>
Removed a total of 2 cells.

12.43.17.3. Executing OPT_MUXTREE pass (detect dead branches in mux trees).
Running muxtree optimizer on module \led_panel_4k..
  Creating internal representation of mux trees.
  No muxes found in this module.
Removed 0 multiplexer ports.

12.43.17.4. Executing OPT_REDUCE pass (consolidate $*mux and $reduce_* inputs).
  Optimizing cells in module \led_panel_4k.
Performed a total of 0 changes.

12.43.17.5. Executing OPT_MERGE pass (detect identical cells).
Finding identical cells in module `\led_panel_4k'.
Removed a total of 0 cells.

12.43.17.6. Executing OPT_DFF pass (perform DFF optimizations).

12.43.17.7. Executing OPT_CLEAN pass (remove unused cells and wires).
Finding unused cells or wires in module \led_panel_4k..
Removed 0 unused cells and 55 unused wires.
<suppressed ~1 debug messages>

12.43.17.8. Executing OPT_EXPR pass (perform const folding).
Optimizing module led_panel_4k.

12.43.17.9. Rerunning OPT passes. (Maybe there is more to do..)

12.43.17.10. Executing OPT_MUXTREE pass (detect dead branches in mux trees).
Running muxtree optimizer on module \led_panel_4k..
  Creating internal representation of mux trees.
  No muxes found in this module.
Removed 0 multiplexer ports.

12.43.17.11. Executing OPT_REDUCE pass (consolidate $*mux and $reduce_* inputs).
  Optimizing cells in module \led_panel_4k.
Performed a total of 0 changes.

12.43.17.12. Executing OPT_MERGE pass (detect identical cells).
Finding identical cells in module `\led_panel_4k'.
Removed a total of 0 cells.

12.43.17.13. Executing OPT_DFF pass (perform DFF optimizations).

12.43.17.14. Executing OPT_CLEAN pass (remove unused cells and wires).
Finding unused cells or wires in module \led_panel_4k..

12.43.17.15. Executing OPT_EXPR pass (perform const folding).
Optimizing module led_panel_4k.

12.43.17.16. Finished OPT passes. (There is nothing left to do.)

12.43.18. Executing AIGMAP pass (map logic to AIG).
Module led_panel_4k: replaced 18 cells with 120 new cells, skipped 39 cells.
  replaced 3 cell types:
       2 $_OR_
       2 $_XOR_
      14 $_MUX_
  not replaced 3 cell types:
      31 $specify2
       4 $_NOT_
       4 $_AND_

12.43.19. Executing AIGMAP pass (map logic to AIG).
Module led_panel_4k: replaced 703 cells with 4123 new cells, skipped 854 cells.
  replaced 3 cell types:
     266 $_OR_
      22 $_XOR_
     415 $_MUX_
  not replaced 15 cell types:
      10 $scopeinfo
     222 $_NOT_
     240 $_AND_
     166 TRELLIS_FF
       6 DP16KD
      79 $paramod$838872d5a4bab89607f53482b205c0fd50d8b82e\CCU2C
      58 $paramod$37e41664cab9052a9b41c89036e0524f666a0fee\TRELLIS_FF_$abc9_byp
      58 $paramod$37e41664cab9052a9b41c89036e0524f666a0fee\TRELLIS_FF
       3 $paramod$b50ed6cf3f2b5c0e07657602cb4455d90f2562f9\TRELLIS_FF_$abc9_byp
       3 $paramod$b50ed6cf3f2b5c0e07657602cb4455d90f2562f9\TRELLIS_FF
       1 $__ABC9_SCC_BREAKER
       1 $paramod$af6cfab7b64a03625b4e26db341709ec2a848ad1\TRELLIS_FF_$abc9_byp
       3 $paramod$68581f66a8fa831820fa7633bd24ba569ae9d7e3\TRELLIS_FF_$abc9_byp
       1 $paramod$af6cfab7b64a03625b4e26db341709ec2a848ad1\TRELLIS_FF
       3 $paramod$68581f66a8fa831820fa7633bd24ba569ae9d7e3\TRELLIS_FF

12.43.19.1. Executing ABC9_OPS pass (helper functions for ABC9).

12.43.19.2. Executing ABC9_OPS pass (helper functions for ABC9).

12.43.19.3. Executing XAIGER backend.
<suppressed ~11 debug messages>
Extracted 1817 AND gates and 5348 wires from module `led_panel_4k' to a netlist network with 260 inputs and 391 outputs.

12.43.19.4. Executing ABC9_EXE pass (technology mapping using ABC9).

12.43.19.5. Executing ABC9.
Running ABC command: "<yosys-exe-dir>/yosys-abc" -s -f <abc-temp-dir>/abc.script 2>&1
ABC: ABC command line: "source <abc-temp-dir>/abc.script".
ABC: 
ABC: + read_lut <abc-temp-dir>/input.lut 
ABC: + read_box <abc-temp-dir>/input.box 
ABC: + &read <abc-temp-dir>/input.xaig 
ABC: + &ps 
ABC: <abc-temp-dir>/input : i/o =    260/    391  and =    1148  lev =   19 (0.98)  mem = 0.04 MB  box = 144  bb = 65
ABC: + &scorr 
ABC: Warning: The network is combinational.
ABC: + &sweep 
ABC: + &dc2 
ABC: + &dch -f 
ABC: + &ps 
ABC: <abc-temp-dir>/input : i/o =    260/    391  and =    1078  lev =   14 (0.69)  mem = 0.04 MB  ch =  137  box = 141  bb = 65
ABC: cst =       0  cls =    112  lit =     137  unused =    1382  proof =     0
ABC: + &if -W 300 -v 
ABC: K = 7. Memory (bytes): Truth =    0. Cut =   64. Obj =  148. Set =  672. CutMin = no
ABC: Node =    1078.  Ch =   112.  Total mem =    0.44 MB. Peak cut mem =    0.04 MB.
ABC: P:  Del = 2651.00.  Ar =     906.0.  Edge =     1106.  Cut =    10576.  T =     0.00 sec
ABC: P:  Del = 2569.00.  Ar =     883.0.  Edge =     1114.  Cut =    10597.  T =     0.00 sec
ABC: P:  Del = 2569.00.  Ar =     562.0.  Edge =     1184.  Cut =    15990.  T =     0.00 sec
ABC: F:  Del = 2569.00.  Ar =     397.0.  Edge =     1014.  Cut =    12518.  T =     0.00 sec
ABC: A:  Del = 2569.00.  Ar =     358.0.  Edge =      941.  Cut =    12683.  T =     0.00 sec
ABC: A:  Del = 2569.00.  Ar =     358.0.  Edge =      941.  Cut =    12775.  T =     0.00 sec
ABC: Total time =     0.01 sec
ABC: + &write -n <abc-temp-dir>/output.aig 
ABC: + &mfs 
ABC: + &ps -l 
ABC: <abc-temp-dir>/input : i/o =    260/    391  and =     757  lev =   15 (0.71)  mem = 0.04 MB  box = 141  bb = 65
ABC: Mapping (K=7)  :  lut =    254  edge =     870  lev =    5 (0.35)  Boxes are not in a topological order. Switching to level computation without boxes.
ABC: levB =   15  mem = 0.01 MB
ABC: LUT = 254 : 2=62 24.4 %  3=63 24.8 %  4=100 39.4 %  5=21 8.3 %  6=4 1.6 %  7=4 1.6 %  Ave = 3.43
ABC: + &write -n <abc-temp-dir>/output.aig 
ABC: + time 
ABC: elapse: 0.07 seconds, total: 0.07 seconds

12.43.19.6. Executing AIGER frontend.
<suppressed ~1317 debug messages>
Removed 1017 unused cells and 2861 unused wires.

12.43.19.7. Executing ABC9_OPS pass (helper functions for ABC9).
ABC RESULTS:              $lut cells:      268
ABC RESULTS:   $paramod$838872d5a4bab89607f53482b205c0fd50d8b82e\CCU2C cells:       76
ABC RESULTS:   $paramod$37e41664cab9052a9b41c89036e0524f666a0fee\TRELLIS_FF_$abc9_byp cells:       58
ABC RESULTS:   $paramod$b50ed6cf3f2b5c0e07657602cb4455d90f2562f9\TRELLIS_FF_$abc9_byp cells:        3
ABC RESULTS:   $paramod$af6cfab7b64a03625b4e26db341709ec2a848ad1\TRELLIS_FF_$abc9_byp cells:        1
ABC RESULTS:   $paramod$68581f66a8fa831820fa7633bd24ba569ae9d7e3\TRELLIS_FF_$abc9_byp cells:        3
ABC RESULTS:           input signals:       95
ABC RESULTS:          output signals:      166
Removing temp directory.

12.43.20. Executing TECHMAP pass (map to technology primitives).

12.43.20.1. Executing Verilog-2005 frontend: /opt/homebrew/bin/../share/yosys/abc9_unmap.v
Parsing Verilog input from `/opt/homebrew/bin/../share/yosys/abc9_unmap.v' to AST representation.
Generating RTLIL representation for module `\$__DFF_x__$abc9_flop'.
Generating RTLIL representation for module `\$__ABC9_SCC_BREAKER'.
Successfully finished Verilog frontend.

12.43.20.2. Continuing TECHMAP pass.
Using template $paramod$838872d5a4bab89607f53482b205c0fd50d8b82e\CCU2C for cells of type $paramod$838872d5a4bab89607f53482b205c0fd50d8b82e\CCU2C.
Using template $paramod$37e41664cab9052a9b41c89036e0524f666a0fee\TRELLIS_FF for cells of type $paramod$37e41664cab9052a9b41c89036e0524f666a0fee\TRELLIS_FF.
Using template $paramod$37e41664cab9052a9b41c89036e0524f666a0fee\TRELLIS_FF_$abc9_byp for cells of type $paramod$37e41664cab9052a9b41c89036e0524f666a0fee\TRELLIS_FF_$abc9_byp.
Using template $paramod$68581f66a8fa831820fa7633bd24ba569ae9d7e3\TRELLIS_FF for cells of type $paramod$68581f66a8fa831820fa7633bd24ba569ae9d7e3\TRELLIS_FF.
Using template $paramod$68581f66a8fa831820fa7633bd24ba569ae9d7e3\TRELLIS_FF_$abc9_byp for cells of type $paramod$68581f66a8fa831820fa7633bd24ba569ae9d7e3\TRELLIS_FF_$abc9_byp.
Using template $paramod$b50ed6cf3f2b5c0e07657602cb4455d90f2562f9\TRELLIS_FF for cells of type $paramod$b50ed6cf3f2b5c0e07657602cb4455d90f2562f9\TRELLIS_FF.
Using template $paramod$b50ed6cf3f2b5c0e07657602cb4455d90f2562f9\TRELLIS_FF_$abc9_byp for cells of type $paramod$b50ed6cf3f2b5c0e07657602cb4455d90f2562f9\TRELLIS_FF_$abc9_byp.
Using template $paramod\$__ABC9_SCC_BREAKER\WIDTH=32'00000000000000000000000000000011 for cells of type $__ABC9_SCC_BREAKER.
Using template $paramod$af6cfab7b64a03625b4e26db341709ec2a848ad1\TRELLIS_FF for cells of type $paramod$af6cfab7b64a03625b4e26db341709ec2a848ad1\TRELLIS_FF.
Using template $paramod$af6cfab7b64a03625b4e26db341709ec2a848ad1\TRELLIS_FF_$abc9_byp for cells of type $paramod$af6cfab7b64a03625b4e26db341709ec2a848ad1\TRELLIS_FF_$abc9_byp.
No more expansions possible.
<suppressed ~232 debug messages>
Removed 41 unused cells and 7185 unused wires.

12.44. Executing TECHMAP pass (map to technology primitives).

12.44.1. Executing Verilog-2005 frontend: /opt/homebrew/bin/../share/yosys/ecp5/cells_map.v
Parsing Verilog input from `/opt/homebrew/bin/../share/yosys/ecp5/cells_map.v' to AST representation.
Generating RTLIL representation for module `\$_DFF_N_'.
Generating RTLIL representation for module `\$_DFF_P_'.
Generating RTLIL representation for module `\$_DFFE_NN_'.
Generating RTLIL representation for module `\$_DFFE_PN_'.
Generating RTLIL representation for module `\$_DFFE_NP_'.
Generating RTLIL representation for module `\$_DFFE_PP_'.
Generating RTLIL representation for module `\$_DFF_NP0_'.
Generating RTLIL representation for module `\$_DFF_NP1_'.
Generating RTLIL representation for module `\$_DFF_PP0_'.
Generating RTLIL representation for module `\$_DFF_PP1_'.
Generating RTLIL representation for module `\$_SDFF_NP0_'.
Generating RTLIL representation for module `\$_SDFF_NP1_'.
Generating RTLIL representation for module `\$_SDFF_PP0_'.
Generating RTLIL representation for module `\$_SDFF_PP1_'.
Generating RTLIL representation for module `\$_DFFE_NP0P_'.
Generating RTLIL representation for module `\$_DFFE_NP1P_'.
Generating RTLIL representation for module `\$_DFFE_PP0P_'.
Generating RTLIL representation for module `\$_DFFE_PP1P_'.
Generating RTLIL representation for module `\$_DFFE_NP0N_'.
Generating RTLIL representation for module `\$_DFFE_NP1N_'.
Generating RTLIL representation for module `\$_DFFE_PP0N_'.
Generating RTLIL representation for module `\$_DFFE_PP1N_'.
Generating RTLIL representation for module `\$_SDFFE_NP0P_'.
Generating RTLIL representation for module `\$_SDFFE_NP1P_'.
Generating RTLIL representation for module `\$_SDFFE_PP0P_'.
Generating RTLIL representation for module `\$_SDFFE_PP1P_'.
Generating RTLIL representation for module `\$_SDFFE_NP0N_'.
Generating RTLIL representation for module `\$_SDFFE_NP1N_'.
Generating RTLIL representation for module `\$_SDFFE_PP0N_'.
Generating RTLIL representation for module `\$_SDFFE_PP1N_'.
Generating RTLIL representation for module `\$_ALDFF_NP_'.
Generating RTLIL representation for module `\$_ALDFF_PP_'.
Generating RTLIL representation for module `\$_ALDFFE_NPN_'.
Generating RTLIL representation for module `\$_ALDFFE_NPP_'.
Generating RTLIL representation for module `\$_ALDFFE_PPN_'.
Generating RTLIL representation for module `\$_ALDFFE_PPP_'.
Generating RTLIL representation for module `\FD1P3AX'.
Generating RTLIL representation for module `\FD1P3AY'.
Generating RTLIL representation for module `\FD1P3BX'.
Generating RTLIL representation for module `\FD1P3DX'.
Generating RTLIL representation for module `\FD1P3IX'.
Generating RTLIL representation for module `\FD1P3JX'.
Generating RTLIL representation for module `\FD1S3AX'.
Generating RTLIL representation for module `\FD1S3AY'.
Generating RTLIL representation for module `\FD1S3BX'.
Generating RTLIL representation for module `\FD1S3DX'.
Generating RTLIL representation for module `\FD1S3IX'.
Generating RTLIL representation for module `\FD1S3JX'.
Generating RTLIL representation for module `\IFS1P3BX'.
Generating RTLIL representation for module `\IFS1P3DX'.
Generating RTLIL representation for module `\IFS1P3IX'.
Generating RTLIL representation for module `\IFS1P3JX'.
Generating RTLIL representation for module `\OFS1P3BX'.
Generating RTLIL representation for module `\OFS1P3DX'.
Generating RTLIL representation for module `\OFS1P3IX'.
Generating RTLIL representation for module `\OFS1P3JX'.
Generating RTLIL representation for module `\IB'.
Generating RTLIL representation for module `\IBPU'.
Generating RTLIL representation for module `\IBPD'.
Generating RTLIL representation for module `\OB'.
Generating RTLIL representation for module `\OBZ'.
Generating RTLIL representation for module `\OBZPU'.
Generating RTLIL representation for module `\OBZPD'.
Generating RTLIL representation for module `\OBCO'.
Generating RTLIL representation for module `\BB'.
Generating RTLIL representation for module `\BBPU'.
Generating RTLIL representation for module `\BBPD'.
Generating RTLIL representation for module `\ILVDS'.
Generating RTLIL representation for module `\OLVDS'.
Generating RTLIL representation for module `\$lut'.
Successfully finished Verilog frontend.

12.44.2. Continuing TECHMAP pass.
Using template $paramod\$lut\WIDTH=32'00000000000000000000000000000010\LUT=4'1000 for cells of type $lut.
Using template $paramod\$lut\WIDTH=32'00000000000000000000000000000011\LUT=8'00000100 for cells of type $lut.
Using template $paramod\$lut\WIDTH=32'00000000000000000000000000000011\LUT=8'10000000 for cells of type $lut.
Using template $paramod$47a8214374025465e226fa66bee690ff33268a25\$lut for cells of type $lut.
Using template $paramod\$lut\WIDTH=32'00000000000000000000000000000011\LUT=8'10101100 for cells of type $lut.
Using template $paramod\$lut\WIDTH=32'00000000000000000000000000000011\LUT=8'00000001 for cells of type $lut.
Using template $paramod$aff3a645bb9f572421a4f0f49cf8987ceb4bcdc5\$lut for cells of type $lut.
Using template $paramod\$lut\WIDTH=32'00000000000000000000000000000010\LUT=4'0001 for cells of type $lut.
Using template $paramod$658b9ed803f0d3d335616d3858b53e0a2522f1e8\$lut for cells of type $lut.
Using template $paramod\$lut\WIDTH=32'00000000000000000000000000000011\LUT=8'00010000 for cells of type $lut.
Using template $paramod\$lut\WIDTH=32'00000000000000000000000000000011\LUT=8'01000000 for cells of type $lut.
Using template $paramod$eba7de026ff587370e320127e266317dae097a89\$lut for cells of type $lut.
Using template $paramod$c17add0613fd99a8ac00201a74a92cf8e2d1e871\$lut for cells of type $lut.
Using template $paramod$7bb6a37e65823eeb4b38c370fec30ab082759a14\$lut for cells of type $lut.
Using template $paramod$571404c0889eaf57f492cb5e37f8acb5df5852f9\$lut for cells of type $lut.
Using template $paramod$f85f1073c412d406200a6a72283f918c8b751314\$lut for cells of type $lut.
Using template $paramod$eced46750b43aa9efabd63e9db30cd976a863157\$lut for cells of type $lut.
Using template $paramod\$lut\WIDTH=32'00000000000000000000000000000010\LUT=4'0100 for cells of type $lut.
Using template $paramod$4ac3a6b2efccd26dca3bcc91f32f19492c1fdb50\$lut for cells of type $lut.
Using template $paramod\$lut\WIDTH=32'00000000000000000000000000000010\LUT=4'0010 for cells of type $lut.
Using template $paramod$82a5c63568625c703a25be3b608488f57d9e711e\$lut for cells of type $lut.
Using template $paramod$8b09f347504cfc0d3d65fbb4601497936543b1b3\$lut for cells of type $lut.
Using template $paramod$20f3f4b8e32f8a8b038b0056872dc94926194798\$lut for cells of type $lut.
Using template $paramod\$lut\WIDTH=32'00000000000000000000000000000011\LUT=8'01010001 for cells of type $lut.
Using template $paramod$c28a8b7ce0535d090c4cfb52e9c74affd52b110c\$lut for cells of type $lut.
Using template $paramod$8f9a64d137bc51a957ab88762c301b96b0f42d0d\$lut for cells of type $lut.
Using template $paramod$6c3e18e23bda7ee129173f5fe1da644710e98c5e\$lut for cells of type $lut.
Using template $paramod$ccb7ee3ea3724c529758cdc6e59e09919180b996\$lut for cells of type $lut.
Using template $paramod$791f07d13f5048dcc1ada4141bb2059fb80d9295\$lut for cells of type $lut.
Using template $paramod$820ba2b1b717e53100ffcd3741721f94b92543ed\$lut for cells of type $lut.
Using template $paramod$c05d9c186a6768cd6cb137f2b0c217a926b12e06\$lut for cells of type $lut.
Using template $paramod$d13866c4744bd3106c919a01d74f410f8b3c6476\$lut for cells of type $lut.
Using template $paramod$f8f63b209b7230e81958663ff24fef1613156af7\$lut for cells of type $lut.
Using template $paramod$4ae4444ab62544d409267a647dc9e7cc74fad2c6\$lut for cells of type $lut.
Using template $paramod\$lut\WIDTH=32'00000000000000000000000000000010\LUT=4'0111 for cells of type $lut.
Using template $paramod$ac2ea6024ab66d57878b75ea4ad42990a018eb08\$lut for cells of type $lut.
Using template $paramod$364c9ffbffac467d60dfec81bba4e18476c15602\$lut for cells of type $lut.
Using template $paramod$30305e55a780880b9c824fe3509a4d981acb0f2b\$lut for cells of type $lut.
Using template $paramod\$lut\WIDTH=32'00000000000000000000000000000011\LUT=8'00100000 for cells of type $lut.
Using template $paramod$c1a19a87ccbbb03d43a72335db63f692ddf82cc1\$lut for cells of type $lut.
Using template $paramod$e49f6e3576ef1a6d2f58c54414dbb786af8cc869\$lut for cells of type $lut.
Using template $paramod$2014354416722209de7d48370ab008bc2278a034\$lut for cells of type $lut.
Using template $paramod$fdcae86fcfd036c1880a04306ae771a9d7579c31\$lut for cells of type $lut.
Using template $paramod$3702268f692b8bf258e428f65d3bca4e1f76d98b\$lut for cells of type $lut.
Using template $paramod$b2192df6f90569fea4015d0a6658bdc192199f95\$lut for cells of type $lut.
Using template $paramod$703a13a751e631ef123f38f7d2125aeabec0f94c\$lut for cells of type $lut.
Using template $paramod$6c966effe9c4b9800927cf0a71b322acee4487dc\$lut for cells of type $lut.
Using template $paramod$f1a1d9f676e9a8dfefb9d549b9b2c26a026e27e6\$lut for cells of type $lut.
Using template $paramod\$lut\WIDTH=32'00000000000000000000000000000011\LUT=8'10001010 for cells of type $lut.
Using template $paramod$baa939b0bd5b3e0c8760492528669bd58f640542\$lut for cells of type $lut.
Using template $paramod$3e66bc1a9e154c4736e10f27339b4100e81b1545\$lut for cells of type $lut.
Using template $paramod$908f70800e478550c36fcad577c0e906dfbad019\$lut for cells of type $lut.
Using template $paramod$7980e67206435fc7d746513861bc4c9f9f74d589\$lut for cells of type $lut.
Using template $paramod$b3f8f27fec90281068d79fe0ea67190eb0536d4d\$lut for cells of type $lut.
Using template $paramod$52953750219effadf43093a566baf492fdd6b6c8\$lut for cells of type $lut.
Using template $paramod$a5dd9ee10fc2202a29791f7d68d4afcce241aee5\$lut for cells of type $lut.
Using template $paramod$c600b4b1adc22857e1c1ba3b6aeb516fabe09da0\$lut for cells of type $lut.
Using template $paramod$dd7c1583fe0ade167c7826c594e5d16b758a72fe\$lut for cells of type $lut.
Using template $paramod$65d5d5c1e01bf41ee659754efba932f3d99198e5\$lut for cells of type $lut.
Using template $paramod\$lut\WIDTH=32'00000000000000000000000000000011\LUT=8'10010000 for cells of type $lut.
Using template $paramod$43779580bfffd5d5a9f321249a174febf1dac288\$lut for cells of type $lut.
Using template $paramod$b4410865e8124402796f9dfbf73ef8d279fdbd08\$lut for cells of type $lut.
Using template $paramod$992bdc10cff2c6edd722994f0e1044bc863f79f7\$lut for cells of type $lut.
Using template $paramod$b86b68a00733dbecb31d58a14a13683475a2002a\$lut for cells of type $lut.
Using template $paramod$f67ad926234c6216d005ae991aa4cfdf5a71356a\$lut for cells of type $lut.
Using template $paramod$2d07c1a6c53c7b878509360922c4fa5ebedc3011\$lut for cells of type $lut.
Using template $paramod\$lut\WIDTH=32'00000000000000000000000000000011\LUT=8'00010011 for cells of type $lut.
Using template $paramod\$lut\WIDTH=32'00000000000000000000000000000011\LUT=8'11001010 for cells of type $lut.
Using template $paramod$5a8ad611b4480c8a05a046162c3576f294705557\$lut for cells of type $lut.
Using template $paramod$3751cff910103888107374559f35d9f1f2f94946\$lut for cells of type $lut.
Using template $paramod$779a912c2e61b008e2ba6da235f91f694eb7e6d7\$lut for cells of type $lut.
Using template $paramod$5babc7af368972bfa495eeb14ce8b929e5132224\$lut for cells of type $lut.
Using template $paramod\$lut\WIDTH=32'00000000000000000000000000000011\LUT=8'01001110 for cells of type $lut.
Using template $paramod\$lut\WIDTH=32'00000000000000000000000000000001\LUT=2'01 for cells of type $lut.
Using template $paramod$b7d63908a3ff741d22e0df821810b6ef669669ce\$lut for cells of type $lut.
Using template $paramod$fb41d1244423008e237b05413074611e7457154e\$lut for cells of type $lut.
Using template $paramod$359fe4e746656bf9c72aecaff84fc7bdea9f55a5\$lut for cells of type $lut.
Using template $paramod\$lut\WIDTH=32'00000000000000000000000000000010\LUT=4'1110 for cells of type $lut.
Using template $paramod\$lut\WIDTH=32'00000000000000000000000000000011\LUT=8'11010001 for cells of type $lut.
Using template $paramod\$lut\WIDTH=32'00000000000000000000000000000011\LUT=8'11101111 for cells of type $lut.
Using template $paramod$80fd3f90b6a7b38da9d25588666decbe3adaf5ec\$lut for cells of type $lut.
Using template $paramod\$lut\WIDTH=32'00000000000000000000000000000011\LUT=8'11101100 for cells of type $lut.
Using template $paramod\$lut\WIDTH=32'00000000000000000000000000000011\LUT=8'01110011 for cells of type $lut.
Using template $paramod\$lut\WIDTH=32'00000000000000000000000000000011\LUT=8'11111110 for cells of type $lut.
Using template $paramod$cc5c6bd66b29672879800835165aac54d27d39ff\$lut for cells of type $lut.
Using template $paramod$af08867fe0bde4918ae8f1ec2010b6efc74a2fdc\$lut for cells of type $lut.
Using template $paramod\$lut\WIDTH=32'00000000000000000000000000000011\LUT=8'10111111 for cells of type $lut.
Using template $paramod\$lut\WIDTH=32'00000000000000000000000000000010\LUT=4'0110 for cells of type $lut.
Using template $paramod\$lut\WIDTH=32'00000000000000000000000000000011\LUT=8'11001110 for cells of type $lut.
Using template $paramod$00943bd33ffaca966713c70738dc0dc47e6731dd\$lut for cells of type $lut.
Using template $paramod$a9aef9f8973a5842fc91a131d62aa1a1c291edf3\$lut for cells of type $lut.
Using template $paramod$a45793806aa22d7cf2cf33b773adec0ed4a4141f\$lut for cells of type $lut.
Using template $paramod$9ea238b3c4036add2bd96e5aaac8768e1ad77c5a\$lut for cells of type $lut.
Using template $paramod\$lut\WIDTH=32'00000000000000000000000000000011\LUT=8'10110011 for cells of type $lut.
Using template $paramod$4c41f1623393f37dcc4e2d184a7f0d948ea506e4\$lut for cells of type $lut.
No more expansions possible.
<suppressed ~1579 debug messages>

12.45. Executing OPT_LUT_INS pass (discard unused LUT inputs).
Optimizing LUTs in led_panel_4k.
  Optimizing lut $auto$abc9_ops.cc:1549:reintegrate$15443.genblk1.genblk1.genblk1.genblk1.genblk1.lut1 (4 -> 0)
  Optimizing lut $abc$15432$lut$aiger15431$747.genblk1.genblk1.genblk1.genblk1.genblk1.genblk1.genblk1.lut1 (4 -> 0)
  Optimizing lut $abc$15432$lut$aiger15431$747.genblk1.genblk1.genblk1.genblk1.genblk1.genblk1.genblk1.lut2 (4 -> 0)
  Optimizing lut $abc$15432$lut$aiger15431$747.genblk1.genblk1.genblk1.genblk1.genblk1.genblk1.genblk1.lut3 (4 -> 0)
  Optimizing lut $abc$15432$lut$aiger15431$747.genblk1.genblk1.genblk1.genblk1.genblk1.genblk1.genblk1.lut4 (4 -> 3)
  Optimizing lut $abc$15432$lut$aiger15431$747.genblk1.genblk1.genblk1.genblk1.genblk1.genblk1.genblk1.lut5 (4 -> 3)
  Optimizing lut $abc$15432$lut$aiger15431$747.genblk1.genblk1.genblk1.genblk1.genblk1.genblk1.genblk1.lut6 (4 -> 3)
  Optimizing lut $auto$abc9_ops.cc:1549:reintegrate$15461.genblk1.genblk1.genblk1.genblk1.genblk1.genblk1.genblk1.lut2 (4 -> 0)
  Optimizing lut $auto$abc9_ops.cc:1549:reintegrate$15461.genblk1.genblk1.genblk1.genblk1.genblk1.genblk1.genblk1.lut3 (4 -> 0)
  Optimizing lut $auto$abc9_ops.cc:1549:reintegrate$15461.genblk1.genblk1.genblk1.genblk1.genblk1.genblk1.genblk1.lut4 (4 -> 3)
  Optimizing lut $auto$abc9_ops.cc:1549:reintegrate$15461.genblk1.genblk1.genblk1.genblk1.genblk1.genblk1.genblk1.lut5 (4 -> 3)
  Optimizing lut $auto$abc9_ops.cc:1549:reintegrate$15461.genblk1.genblk1.genblk1.genblk1.genblk1.genblk1.genblk1.lut6 (4 -> 3)
  Optimizing lut $abc$15432$lut$aiger15431$737.genblk1.genblk1.genblk1.genblk1.genblk1.lut1 (4 -> 0)
  Optimizing lut $abc$15432$lut$aiger15431$733.genblk1.genblk1.genblk1.genblk1.genblk1.genblk1.lut1 (4 -> 2)
  Optimizing lut $abc$15432$lut$aiger15431$733.genblk1.genblk1.genblk1.genblk1.genblk1.genblk1.lut3 (4 -> 3)
  Optimizing lut $abc$15432$lut$aiger15431$728.genblk1.genblk1.genblk1.genblk1.genblk1.genblk1.genblk1.lut1 (4 -> 1)
  Optimizing lut $abc$15432$lut$aiger15431$728.genblk1.genblk1.genblk1.genblk1.genblk1.genblk1.genblk1.lut2 (4 -> 0)
  Optimizing lut $abc$15432$lut$aiger15431$728.genblk1.genblk1.genblk1.genblk1.genblk1.genblk1.genblk1.lut3 (4 -> 1)
  Optimizing lut $abc$15432$lut$aiger15431$728.genblk1.genblk1.genblk1.genblk1.genblk1.genblk1.genblk1.lut5 (4 -> 1)
  Optimizing lut $abc$15432$lut$aiger15431$728.genblk1.genblk1.genblk1.genblk1.genblk1.genblk1.genblk1.lut6 (4 -> 0)
  Optimizing lut $abc$15432$lut$aiger15431$728.genblk1.genblk1.genblk1.genblk1.genblk1.genblk1.genblk1.lut7 (4 -> 1)
  Optimizing lut $abc$15432$lut$aiger15431$716.genblk1.genblk1.genblk1.genblk1.genblk1.genblk1.genblk1.lut7 (4 -> 3)
  Optimizing lut $abc$15432$lut$aiger15431$703.genblk1.genblk1.genblk1.genblk1.genblk1.genblk1.lut2 (4 -> 0)
  Optimizing lut $abc$15432$lut$aiger15431$692.genblk1.genblk1.genblk1.genblk1.genblk1.genblk1.genblk1.lut1 (4 -> 0)
  Optimizing lut $abc$15432$lut$aiger15431$692.genblk1.genblk1.genblk1.genblk1.genblk1.genblk1.genblk1.lut2 (4 -> 0)
  Optimizing lut $abc$15432$lut$aiger15431$692.genblk1.genblk1.genblk1.genblk1.genblk1.genblk1.genblk1.lut4 (4 -> 0)
  Optimizing lut $abc$15432$lut$aiger15431$692.genblk1.genblk1.genblk1.genblk1.genblk1.genblk1.genblk1.lut5 (4 -> 0)
  Optimizing lut $abc$15432$lut$aiger15431$692.genblk1.genblk1.genblk1.genblk1.genblk1.genblk1.genblk1.lut6 (4 -> 0)
  Optimizing lut $abc$15432$lut$aiger15431$692.genblk1.genblk1.genblk1.genblk1.genblk1.genblk1.genblk1.lut7 (4 -> 0)
  Optimizing lut $abc$15432$lut$aiger15431$679.genblk1.genblk1.genblk1.genblk1.genblk1.genblk1.lut3 (4 -> 0)
  Optimizing lut $abc$15432$lut$aiger15431$644.genblk1.genblk1.genblk1.genblk1.genblk1.genblk1.lut1 (4 -> 2)
  Optimizing lut $abc$15432$lut$aiger15431$644.genblk1.genblk1.genblk1.genblk1.genblk1.genblk1.lut3 (4 -> 2)
  Optimizing lut $abc$15432$lut$$flatten\ctrl0.$auto$proc_rom.cc:155:do_switch$312$rdreg[0]$d[6].genblk1.genblk1.genblk1.genblk1.genblk1.lut0 (4 -> 0)
  Optimizing lut $abc$15432$lut$aiger15431$585.genblk1.genblk1.genblk1.genblk1.genblk1.lut1 (4 -> 3)
  Optimizing lut $abc$15432$lut$aiger15431$639.genblk1.genblk1.genblk1.genblk1.genblk1.lut0 (4 -> 0)
  Optimizing lut $abc$15432$lut$aiger15431$644.genblk1.genblk1.genblk1.genblk1.genblk1.genblk1.lut0 (4 -> 1)
  Optimizing lut $abc$15432$lut$aiger15431$648.genblk1.genblk1.genblk1.genblk1.genblk1.lut1 (4 -> 0)
  Optimizing lut $abc$15432$lut$aiger15431$671.genblk1.genblk1.genblk1.genblk1.genblk1.lut1 (4 -> 0)
  Optimizing lut $abc$15432$lut$aiger15431$679.genblk1.genblk1.genblk1.genblk1.genblk1.genblk1.lut0 (4 -> 0)
  Optimizing lut $abc$15432$lut$aiger15431$679.genblk1.genblk1.genblk1.genblk1.genblk1.genblk1.lut1 (4 -> 0)
  Optimizing lut $abc$15432$lut$aiger15431$728.genblk1.genblk1.genblk1.genblk1.genblk1.genblk1.genblk1.lut0 (4 -> 0)
  Optimizing lut $abc$15432$lut$aiger15431$733.genblk1.genblk1.genblk1.genblk1.genblk1.genblk1.lut0 (4 -> 2)
  Optimizing lut $abc$15432$lut$aiger15431$741.genblk1.genblk1.genblk1.genblk1.genblk1.lut0 (4 -> 1)
  Optimizing lut $abc$15432$lut$aiger15431$747.genblk1.genblk1.genblk1.genblk1.genblk1.genblk1.genblk1.lut0 (4 -> 0)
  Optimizing lut $abc$15432$lut$aiger15431$753.genblk1.genblk1.genblk1.genblk1.genblk1.lut0 (4 -> 3)
  Optimizing lut $abc$15432$lut$aiger15431$703.genblk1.genblk1.genblk1.genblk1.genblk1.genblk1.lut1 (4 -> 0)
  Optimizing lut $abc$15432$lut$aiger15431$862.genblk1.genblk1.genblk1.genblk1.genblk1.lut0 (4 -> 0)
  Optimizing lut $abc$15432$lut$aiger15431$903.genblk1.genblk1.genblk1.genblk1.genblk1.lut0 (4 -> 2)
  Optimizing lut $abc$15432$lut$auto$abc9_ops.cc:595:break_scc$6811.genblk1.genblk1.genblk1.genblk1.genblk1.lut0 (4 -> 0)
  Optimizing lut $abc$15432$lut$auto$opt_dff.cc:272:make_patterns_logic$825.genblk1.genblk1.genblk1.genblk1.genblk1.lut0 (4 -> 3)
  Optimizing lut $auto$abc9_ops.cc:1549:reintegrate$15461.genblk1.genblk1.genblk1.genblk1.genblk1.genblk1.genblk1.lut1 (4 -> 0)
  Optimizing lut $auto$abc9_ops.cc:1549:reintegrate$15441.genblk1.genblk1.genblk1.genblk1.genblk1.lut0 (4 -> 3)
  Optimizing lut $auto$abc9_ops.cc:1549:reintegrate$15444.genblk1.genblk1.genblk1.genblk1.genblk1.lut0 (4 -> 3)
  Optimizing lut $auto$abc9_ops.cc:1549:reintegrate$15454.genblk1.genblk1.genblk1.genblk1.genblk1.lut0 (4 -> 3)
  Optimizing lut $auto$abc9_ops.cc:1549:reintegrate$15461.genblk1.genblk1.genblk1.genblk1.genblk1.genblk1.genblk1.lut0 (4 -> 0)
  Optimizing lut $auto$abc9_ops.cc:1549:reintegrate$15455.genblk1.genblk1.genblk1.genblk1.genblk1.lut1 (4 -> 0)
Removed 0 unused cells and 609 unused wires.

12.46. Executing AUTONAME pass.
Renamed 28072 objects in module led_panel_4k (134 iterations).
<suppressed ~1222 debug messages>

12.47. Executing HIERARCHY pass (managing design hierarchy).
Attribute `top' found on module `led_panel_4k'. Setting top module to led_panel_4k.

12.47.1. Analyzing design hierarchy..
Top module:  \led_panel_4k

12.47.2. Analyzing design hierarchy..
Top module:  \led_panel_4k
Removed 0 unused modules.

12.48. Printing statistics.

=== led_panel_4k ===

   Number of wires:                598
   Number of wire bits:           1668
   Number of public wires:         598
   Number of public wire bits:    1668
   Number of ports:                 11
   Number of port bits:             19
   Number of memories:               0
   Number of memory bits:            0
   Number of processes:              0
   Number of cells:                733
     $scopeinfo                     10
     CCU2C                          76
     DP16KD                          6
     L6MUX21                        19
     LUT4                          341
     PFUMX                          50
     TRELLIS_FF                    231

12.49. Executing CHECK pass (checking for obvious problems).
Checking module led_panel_4k...
Found and reported 0 problems.

13. Executing JSON backend.

Warnings: 3 unique messages, 3 total
End of script. Logfile hash: 702b2f9b35, CPU: user 0.64s system 0.02s, MEM: 70.97 MB peak
Yosys 0.56 (git sha1 9c447ad9d4b1ea589369364eea38b4d70da2c599, clang++ 17.0.0 -fPIC -O3)
Time spent: 21% 11x techmap (0 sec), 19% 30x read_verilog (0 sec), ...
